Frame,# Contacts_resid_A,Frame,# Contacts_lig_ChainA_vs_resid_3,Frame,# Contacts_lig_ChainA_vs_resid_4,Frame,# Contacts_lig_ChainA_vs_resid_5,Frame,# Contacts_lig_ChainA_vs_resid_6,Frame,# Contacts_lig_ChainA_vs_resid_7,Frame,# Contacts_lig_ChainA_vs_resid_8,Frame,# Contacts_lig_ChainA_vs_resid_9,Frame,# Contacts_lig_ChainA_vs_resid_10,Frame,# Contacts_lig_ChainA_vs_resid_11,Frame,# Contacts_lig_ChainA_vs_resid_12,Frame,# Contacts_lig_ChainA_vs_resid_13,Frame,# Contacts_lig_ChainA_vs_resid_14,Frame,# Contacts_lig_ChainA_vs_resid_15,Frame,# Contacts_lig_ChainA_vs_resid_16,Frame,# Contacts_lig_ChainA_vs_resid_17,Frame,# Contacts_lig_ChainA_vs_resid_18,Frame,# Contacts_lig_ChainA_vs_resid_19,Frame,# Contacts_lig_ChainA_vs_resid_20,Frame,# Contacts_lig_ChainA_vs_resid_21,Frame,# Contacts_lig_ChainA_vs_resid_22,Frame,# Contacts_lig_ChainA_vs_resid_23,Frame,# Contacts_lig_ChainA_vs_resid_24,Frame,# Contacts_lig_ChainA_vs_resid_25,Frame,# Contacts_lig_ChainA_vs_resid_26,Frame,# Contacts_lig_ChainA_vs_resid_27,Frame,# Contacts_lig_ChainA_vs_resid_28,Frame,# Contacts_lig_ChainA_vs_resid_29,Frame,# Contacts_lig_ChainA_vs_resid_30,Frame,# Contacts_lig_ChainA_vs_resid_31,Frame,# Contacts_lig_ChainA_vs_resid_32,Frame,# Contacts_lig_ChainA_vs_resid_33,Frame,# Contacts_lig_ChainA_vs_resid_34,Frame,# Contacts_lig_ChainA_vs_resid_35,Frame,# Contacts_lig_ChainA_vs_resid_36,Frame,# Contacts_lig_ChainA_vs_resid_37,Frame,# Contacts_lig_ChainA_vs_resid_38,Frame,# Contacts_lig_ChainA_vs_resid_39,Frame,# Contacts_lig_ChainA_vs_resid_40,Frame,# Contacts_lig_ChainA_vs_resid_41,Frame,# Contacts_lig_ChainA_vs_resid_42,Frame,# Contacts_lig_ChainA_vs_resid_43,Frame,# Contacts_lig_ChainA_vs_resid_44,Frame,# Contacts_lig_ChainA_vs_resid_45,Frame,# Contacts_lig_ChainA_vs_resid_46,Frame,# Contacts_lig_ChainA_vs_resid_47,Frame,# Contacts_lig_ChainA_vs_resid_48,Frame,# Contacts_lig_ChainA_vs_resid_49,Frame,# Contacts_lig_ChainA_vs_resid_50,Frame,# Contacts_lig_ChainA_vs_resid_51,Frame,# Contacts_lig_ChainA_vs_resid_52,Frame,# Contacts_lig_ChainA_vs_resid_53,Frame,# Contacts_lig_ChainA_vs_resid_54,Frame,# Contacts_lig_ChainA_vs_resid_55,Frame,# Contacts_lig_ChainA_vs_resid_56,Frame,# Contacts_lig_ChainA_vs_resid_57,Frame,# Contacts_lig_ChainA_vs_resid_58,Frame,# Contacts_lig_ChainA_vs_resid_59,Frame,# Contacts_lig_ChainA_vs_resid_60,Frame,# Contacts_lig_ChainA_vs_resid_61,Frame,# Contacts_lig_ChainA_vs_resid_62,Frame,# Contacts_lig_ChainA_vs_resid_63,Frame,# Contacts_lig_ChainA_vs_resid_64,Frame,# Contacts_lig_ChainA_vs_resid_65,Frame,# Contacts_lig_ChainA_vs_resid_66,Frame,# Contacts_lig_ChainA_vs_resid_67,Frame,# Contacts_lig_ChainA_vs_resid_68,Frame,# Contacts_lig_ChainA_vs_resid_69,Frame,# Contacts_lig_ChainA_vs_resid_70,Frame,# Contacts_lig_ChainA_vs_resid_71,Frame,# Contacts_lig_ChainA_vs_resid_72,Frame,# Contacts_lig_ChainA_vs_resid_73,Frame,# Contacts_lig_ChainA_vs_resid_74,Frame,# Contacts_lig_ChainA_vs_resid_75,Frame,# Contacts_lig_ChainA_vs_resid_76,Frame,# Contacts_lig_ChainA_vs_resid_77,Frame,# Contacts_lig_ChainA_vs_resid_78,Frame,# Contacts_lig_ChainA_vs_resid_79,Frame,# Contacts_lig_ChainA_vs_resid_80,Frame,# Contacts_lig_ChainA_vs_resid_81,Frame,# Contacts_lig_ChainA_vs_resid_82,Frame,# Contacts_lig_ChainA_vs_resid_83,Frame,# Contacts_lig_ChainA_vs_resid_84,Frame,# Contacts_lig_ChainA_vs_resid_85,Frame,# Contacts_lig_ChainA_vs_resid_86,Frame,# Contacts_lig_ChainA_vs_resid_87,Frame,# Contacts_lig_ChainA_vs_resid_88,Frame,# Contacts_lig_ChainA_vs_resid_89,Frame,# Contacts_lig_ChainA_vs_resid_90,Frame,# Contacts_lig_ChainA_vs_resid_91,Frame,# Contacts_lig_ChainA_vs_resid_92,Frame,# Contacts_lig_ChainA_vs_resid_93,Frame,# Contacts_lig_ChainA_vs_resid_94,Frame,# Contacts_lig_ChainA_vs_resid_95,Frame,# Contacts_lig_ChainA_vs_resid_96,Frame,# Contacts_lig_ChainA_vs_resid_97,Frame,# Contacts_lig_ChainA_vs_resid_98,Frame,# Contacts_lig_ChainA_vs_resid_99,Frame,# Contacts_lig_ChainA_vs_resid_100,Frame,# Contacts_lig_ChainA_vs_resid_101,Frame,# Contacts_lig_ChainA_vs_resid_102,Frame,# Contacts_lig_ChainA_vs_resid_103,Frame,# Contacts_lig_ChainA_vs_resid_104,Frame,# Contacts_lig_ChainA_vs_resid_105,Frame,# Contacts_lig_ChainA_vs_resid_106,Frame,# Contacts_lig_ChainA_vs_resid_107,Frame,# Contacts_lig_ChainA_vs_resid_108,Frame,# Contacts_lig_ChainA_vs_resid_109,Frame,# Contacts_lig_ChainA_vs_resid_110,Frame,# Contacts_lig_ChainA_vs_resid_111,Frame,# Contacts_lig_ChainA_vs_resid_112,Frame,# Contacts_lig_ChainA_vs_resid_113,Frame,# Contacts_lig_ChainA_vs_resid_114,Frame,# Contacts_lig_ChainA_vs_resid_115,Frame,# Contacts_lig_ChainA_vs_resid_116,Frame,# Contacts_lig_ChainA_vs_resid_117,Frame,# Contacts_lig_ChainA_vs_resid_118,Frame,# Contacts_lig_ChainA_vs_resid_119,Frame,# Contacts_lig_ChainA_vs_resid_120,Frame,# Contacts_lig_ChainA_vs_resid_121,Frame,# Contacts_lig_ChainA_vs_resid_122,Frame,# Contacts_lig_ChainA_vs_resid_123,Frame,# Contacts_lig_ChainA_vs_resid_124,Frame,# Contacts_lig_ChainA_vs_resid_125,Frame,# Contacts_lig_ChainA_vs_resid_126,Frame,# Contacts_lig_ChainA_vs_resid_127,Frame,# Contacts_lig_ChainA_vs_resid_128,Frame,# Contacts_lig_ChainA_vs_resid_129,Frame,# Contacts_lig_ChainA_vs_resid_130,Frame,# Contacts_lig_ChainA_vs_resid_131,Frame,# Contacts_lig_ChainA_vs_resid_132,Frame,# Contacts_lig_ChainA_vs_resid_133,Frame,# Contacts_lig_ChainA_vs_resid_134,Frame,# Contacts_lig_ChainA_vs_resid_135,Frame,# Contacts_lig_ChainA_vs_resid_136,Frame,# Contacts_lig_ChainA_vs_resid_137,Frame,# Contacts_lig_ChainA_vs_resid_138,Frame,# Contacts_lig_ChainA_vs_resid_139,Frame,# Contacts_lig_ChainA_vs_resid_140,Frame,# Contacts_lig_ChainA_vs_resid_141,Frame,# Contacts_lig_ChainA_vs_resid_142,Frame,# Contacts_lig_ChainA_vs_resid_143,Frame,# Contacts_lig_ChainA_vs_resid_144,Frame,# Contacts_lig_ChainA_vs_resid_145,Frame,# Contacts_lig_ChainA_vs_resid_146,Frame,# Contacts_lig_ChainA_vs_resid_147,Frame,# Contacts_lig_ChainA_vs_resid_148,Frame,# Contacts_lig_ChainA_vs_resid_149,Frame,# Contacts_lig_ChainA_vs_resid_150,Frame,# Contacts_lig_ChainA_vs_resid_151,Frame,# Contacts_lig_ChainA_vs_resid_152,Frame,# Contacts_lig_ChainA_vs_resid_153,Frame,# Contacts_lig_ChainA_vs_resid_154,Frame,# Contacts_lig_ChainA_vs_resid_155,Frame,# Contacts_lig_ChainA_vs_resid_156,Frame,# Contacts_lig_ChainA_vs_resid_157,Frame,# Contacts_lig_ChainA_vs_resid_158,Frame,# Contacts_lig_ChainA_vs_resid_159,Frame,# Contacts_lig_ChainA_vs_resid_160,Frame,# Contacts_lig_ChainA_vs_resid_161,Frame,# Contacts_lig_ChainA_vs_resid_162,Frame,# Contacts_lig_ChainA_vs_resid_163,Frame,# Contacts_lig_ChainA_vs_resid_164,Frame,# Contacts_lig_ChainA_vs_resid_165,Frame,# Contacts_lig_ChainA_vs_resid_166,Frame,# Contacts_lig_ChainA_vs_resid_167,Frame,# Contacts_lig_ChainA_vs_resid_168,Frame,# Contacts_lig_ChainA_vs_resid_169,Frame,# Contacts_lig_ChainA_vs_resid_170,Frame,# Contacts_lig_ChainA_vs_resid_171,Frame,# Contacts_lig_ChainA_vs_resid_172,Frame,# Contacts_lig_ChainA_vs_resid_173,Frame,# Contacts_lig_ChainA_vs_resid_174,Frame,# Contacts_lig_ChainA_vs_resid_175,Frame,# Contacts_lig_ChainA_vs_resid_176,Frame,# Contacts_lig_ChainA_vs_resid_177,Frame,# Contacts_lig_ChainA_vs_resid_178,Frame,# Contacts_lig_ChainA_vs_resid_179,Frame,# Contacts_lig_ChainA_vs_resid_180,Frame,# Contacts_lig_ChainA_vs_resid_181,Frame,# Contacts_lig_ChainA_vs_resid_182,Frame,# Contacts_lig_ChainA_vs_resid_183,Frame,# Contacts_lig_ChainA_vs_resid_184,Frame,# Contacts_lig_ChainA_vs_resid_185,Frame,# Contacts_lig_ChainA_vs_resid_186,Frame,# Contacts_lig_ChainA_vs_resid_187,Frame,# Contacts_lig_ChainA_vs_resid_188,Frame,# Contacts_lig_ChainA_vs_resid_189,Frame,# Contacts_lig_ChainA_vs_resid_190,Frame,# Contacts_lig_ChainA_vs_resid_191,Frame,# Contacts_lig_ChainA_vs_resid_192,Frame,# Contacts_lig_ChainA_vs_resid_193,Frame,# Contacts_lig_ChainA_vs_resid_194,Frame,# Contacts_lig_ChainA_vs_resid_195,Frame,# Contacts_lig_ChainA_vs_resid_196,Frame,# Contacts_lig_ChainA_vs_resid_197,Frame,# Contacts_lig_ChainA_vs_resid_198,Frame,# Contacts_lig_ChainA_vs_resid_199,Frame,# Contacts_lig_ChainA_vs_resid_200,Frame,# Contacts_lig_ChainA_vs_resid_201,Frame,# Contacts_lig_ChainA_vs_resid_202,Frame,# Contacts_lig_ChainA_vs_resid_203,Frame,# Contacts_lig_ChainA_vs_resid_204,Frame,# Contacts_lig_ChainA_vs_resid_205,Frame,# Contacts_lig_ChainA_vs_resid_206,Frame,# Contacts_lig_ChainA_vs_resid_207,Frame,# Contacts_lig_ChainA_vs_resid_208,Frame,# Contacts_lig_ChainA_vs_resid_209,Frame,# Contacts_lig_ChainA_vs_resid_210,Frame,# Contacts_lig_ChainA_vs_resid_211,Frame,# Contacts_lig_ChainA_vs_resid_212,Frame,# Contacts_lig_ChainA_vs_resid_213,Frame,# Contacts_lig_ChainA_vs_resid_214,Frame,# Contacts_lig_ChainA_vs_resid_215,Frame,# Contacts_lig_ChainA_vs_resid_216,Frame,# Contacts_lig_ChainA_vs_resid_217,Frame,# Contacts_lig_ChainA_vs_resid_218,Frame,# Contacts_lig_ChainA_vs_resid_219,Frame,# Contacts_lig_ChainA_vs_resid_220,Frame,# Contacts_lig_ChainA_vs_resid_221,Frame,# Contacts_lig_ChainA_vs_resid_222,Frame,# Contacts_lig_ChainA_vs_resid_223,Frame,# Contacts_lig_ChainA_vs_resid_224,Frame,# Contacts_lig_ChainA_vs_resid_225,Frame,# Contacts_lig_ChainA_vs_resid_226,Frame,# Contacts_lig_ChainA_vs_resid_227,Frame,# Contacts_lig_ChainA_vs_resid_228,Frame,# Contacts_lig_ChainA_vs_resid_229,Frame,# Contacts_lig_ChainA_vs_resid_230,Frame,# Contacts_lig_ChainA_vs_resid_231,Frame,# Contacts_lig_ChainA_vs_resid_232,Frame,# Contacts_lig_ChainA_vs_resid_233,Frame,# Contacts_lig_ChainA_vs_resid_234,Frame,# Contacts_lig_ChainA_vs_resid_235,Frame,# Contacts_lig_ChainA_vs_resid_236,Frame,# Contacts_lig_ChainA_vs_resid_237,Frame,# Contacts_lig_ChainA_vs_resid_238,Frame,# Contacts_lig_ChainA_vs_resid_239,Frame,# Contacts_lig_ChainA_vs_resid_240,Frame,# Contacts_lig_ChainA_vs_resid_241,Frame,# Contacts_lig_ChainA_vs_resid_242,Frame,# Contacts_lig_ChainA_vs_resid_243,Frame,# Contacts_lig_ChainA_vs_resid_244,Frame,# Contacts_lig_ChainA_vs_resid_245,Frame,# Contacts_lig_ChainA_vs_resid_246,Frame,# Contacts_lig_ChainA_vs_resid_247,Frame,# Contacts_lig_ChainA_vs_resid_248,Frame,# Contacts_lig_ChainA_vs_resid_249,Frame,# Contacts_lig_ChainA_vs_resid_250,Frame,# Contacts_lig_ChainA_vs_resid_251,Frame,# Contacts_lig_ChainA_vs_resid_252,Frame,# Contacts_lig_ChainA_vs_resid_253,Frame,# Contacts_lig_ChainA_vs_resid_254,Frame,# Contacts_lig_ChainA_vs_resid_255,Frame,# Contacts_lig_ChainA_vs_resid_256,Frame,# Contacts_lig_ChainA_vs_resid_257,Frame,# Contacts_lig_ChainA_vs_resid_258,Frame,# Contacts_lig_ChainA_vs_resid_259,Frame,# Contacts_lig_ChainA_vs_resid_260,Frame,# Contacts_lig_ChainA_vs_resid_261,Frame,# Contacts_lig_ChainA_vs_resid_262,Frame,# Contacts_lig_ChainA_vs_resid_263,Frame,# Contacts_lig_ChainA_vs_resid_264
,,0,0,0,0,0,0,0,0,0,0,0,0,0,0,0,0,0,0,0,0,0,0,0,0,0,0,0,0,0,0,0,0,0,0,0,0,0,0,0,0,0,0,0,0,0,0,0,0,0,0,0,0,0,0,0,0,0,0,0,0,0,0,0,0,0,0,0,0,0,0,0,0,0,0,0,0,0,0,0,0,0,0,0,0,0,0,0,0,0,0,0,3,0,0,0,0,0,0,0,0,0,0,0,0,0,0,0,0,0,0,0,0,0,0,0,0,0,0,0,0,0,0,0,0,0,0,0,0,0,0,0,0,0,0,0,0,0,0,0,0,0,0,0,0,0,0,0,0,0,0,0,0,0,0,0,0,0,0,0,0,0,0,0,0,0,0,0,0,0,0,0,0,0,0,0,0,0,0,0,0,0,0,0,0,0,0,0,0,0,0,0,0,0,0,0,0,0,0,0,0,0,0,0,0,0,0,0,0,0,0,0,0,0,0,0,0,0,0,0,0,0,0,0,0,0,0,0,0,0,0,0,0,0,0,0,0,0,0,0,0,0,0,0,0,0,0,0,0,0,0,0,0,0,0,0,0,0,0,0,0,0,0,0,0,0,0,0,0,0,0,0,0,0,0,0,0,0,0,0,0,0,0,0,0,0,0,0,0,0,0,0,0,0,0,0,0,0,0,0,0,0,0,0,0,0,0,0,0,0,0,0,0,0,0,0,0,0,0,0,0,0,0,0,0,0,0,0,0,0,0,0,0,0,0,0,0,0,0,0,0,0,0,0,0,0,0,0,0,0,0,0,0,0,0,0,0,0,0,0,0,0,0,0,0,0,0,0,0,0,0,0,0,0,0,0,0,0,0,0,0,0,0,0,0,0,0,0,0,0,0,0,0,0,0,0,0,0,0,0,0,0,0,0,0,0,0,0,0,0,0,0,0,0,0,0,0,0,0,0,0,0,0,0,0,0,0,0,0,0,0,0,0,0,0,0,0,0,0,0,0,0,0,0,0,0,0,0,0,0,0,0,0,0,0,0,0,0,0,0,0,0,0,0,0,0,0,0,0,0,0,0,0,0,0,0,0,0,0,0,0,0,0,0,0,0,0,0,0,0,0,0,0,0,0,0,0,0,0,0,0,0,0,0,0,0,0,0,0,0,0,0,0,0,0,0,0,0,0,0,0,0,0,0,0
,,1,0,1,0,1,0,1,0,1,0,1,0,1,0,1,0,1,0,1,0,1,0,1,0,1,0,1,0,1,0,1,0,1,0,1,0,1,0,1,0,1,0,1,0,1,0,1,0,1,0,1,0,1,0,1,0,1,0,1,14,1,0,1,0,1,0,1,1,1,0,1,0,1,0,1,0,1,0,1,0,1,0,1,0,1,0,1,0,1,0,1,1,1,0,1,0,1,0,1,0,1,0,1,0,1,0,1,0,1,0,1,0,1,0,1,0,1,0,1,0,1,0,1,0,1,0,1,0,1,0,1,0,1,0,1,0,1,0,1,0,1,0,1,0,1,0,1,0,1,0,1,0,1,0,1,0,1,0,1,0,1,0,1,0,1,0,1,0,1,0,1,0,1,0,1,0,1,0,1,0,1,0,1,0,1,0,1,0,1,0,1,0,1,0,1,0,1,0,1,0,1,0,1,0,1,0,1,0,1,0,1,0,1,0,1,0,1,0,1,0,1,0,1,0,1,0,1,0,1,0,1,0,1,0,1,0,1,0,1,0,1,0,1,0,1,0,1,0,1,0,1,0,1,0,1,0,1,0,1,0,1,0,1,0,1,0,1,0,1,0,1,0,1,0,1,0,1,0,1,0,1,0,1,0,1,0,1,0,1,0,1,0,1,0,1,0,1,0,1,0,1,0,1,0,1,0,1,0,1,0,1,0,1,0,1,0,1,0,1,0,1,0,1,0,1,0,1,0,1,0,1,0,1,0,1,0,1,0,1,0,1,0,1,0,1,0,1,0,1,0,1,0,1,0,1,0,1,0,1,0,1,0,1,0,1,0,1,0,1,0,1,0,1,0,1,0,1,0,1,0,1,0,1,0,1,0,1,0,1,0,1,0,1,0,1,0,1,0,1,0,1,0,1,0,1,0,1,0,1,0,1,0,1,0,1,0,1,0,1,0,1,0,1,0,1,0,1,0,1,0,1,0,1,0,1,0,1,0,1,0,1,0,1,0,1,0,1,0,1,0,1,0,1,0,1,0,1,0,1,0,1,0,1,0,1,0,1,0,1,0,1,0,1,0,1,0,1,0,1,0,1,0,1,0,1,0,1,0,1,0,1,0,1,0,1,0,1,0,1,0,1,0,1,0,1,0,1,0,1,0,1,0,1,0,1,0,1,0,1,0,1,0,1,0
,,2,0,2,0,2,0,2,0,2,0,2,0,2,0,2,0,2,0,2,0,2,0,2,0,2,0,2,0,2,0,2,0,2,0,2,0,2,0,2,0,2,0,2,0,2,0,2,0,2,0,2,0,2,0,2,0,2,0,2,0,2,0,2,0,2,0,2,6,2,0,2,0,2,0,2,0,2,0,2,10,2,0,2,0,2,0,2,0,2,0,2,4,2,0,2,0,2,0,2,0,2,0,2,0,2,0,2,0,2,0,2,0,2,0,2,0,2,0,2,0,2,0,2,0,2,0,2,0,2,0,2,0,2,0,2,0,2,0,2,0,2,0,2,0,2,0,2,0,2,0,2,0,2,0,2,0,2,0,2,0,2,0,2,0,2,0,2,0,2,0,2,0,2,0,2,0,2,0,2,0,2,0,2,0,2,0,2,0,2,0,2,0,2,0,2,0,2,0,2,0,2,0,2,0,2,0,2,0,2,0,2,0,2,0,2,0,2,0,2,0,2,0,2,0,2,0,2,0,2,0,2,0,2,0,2,0,2,0,2,0,2,0,2,0,2,0,2,0,2,0,2,0,2,0,2,0,2,0,2,0,2,0,2,0,2,0,2,0,2,0,2,0,2,0,2,0,2,0,2,0,2,0,2,0,2,0,2,0,2,0,2,0,2,0,2,0,2,0,2,0,2,0,2,0,2,0,2,0,2,0,2,0,2,0,2,0,2,0,2,0,2,0,2,0,2,0,2,0,2,0,2,0,2,0,2,0,2,0,2,0,2,0,2,0,2,0,2,0,2,0,2,0,2,0,2,0,2,0,2,0,2,0,2,0,2,0,2,0,2,0,2,0,2,0,2,0,2,0,2,0,2,0,2,0,2,0,2,0,2,0,2,0,2,0,2,0,2,0,2,0,2,0,2,0,2,0,2,0,2,0,2,0,2,0,2,0,2,0,2,0,2,0,2,0,2,0,2,0,2,0,2,0,2,0,2,0,2,0,2,0,2,0,2,0,2,0,2,0,2,0,2,0,2,0,2,0,2,0,2,0,2,0,2,0,2,0,2,0,2,0,2,0,2,0,2,0,2,0,2,0,2,0,2,0,2,0,2,0,2,0,2,0,2,0,2,0,2,0,2,0,2,0,2,0,2,0,2,0,2,0,2,0,2,0,2,0,2,0,2,0,2,0,2,0
,,3,0,3,0,3,0,3,0,3,0,3,0,3,0,3,0,3,0,3,0,3,0,3,0,3,0,3,0,3,0,3,0,3,0,3,0,3,0,3,0,3,0,3,0,3,0,3,0,3,0,3,0,3,0,3,0,3,0,3,0,3,0,3,0,3,0,3,0,3,0,3,0,3,0,3,0,3,0,3,4,3,6,3,4,3,0,3,0,3,0,3,0,3,0,3,0,3,0,3,0,3,0,3,0,3,0,3,0,3,0,3,0,3,0,3,0,3,0,3,0,3,0,3,0,3,0,3,0,3,0,3,0,3,0,3,0,3,0,3,0,3,0,3,0,3,0,3,0,3,0,3,0,3,0,3,0,3,0,3,0,3,0,3,0,3,0,3,0,3,0,3,0,3,0,3,0,3,0,3,0,3,0,3,0,3,0,3,0,3,0,3,0,3,0,3,0,3,0,3,0,3,0,3,0,3,0,3,0,3,0,3,0,3,0,3,0,3,0,3,0,3,0,3,0,3,0,3,0,3,0,3,0,3,0,3,0,3,0,3,0,3,0,3,0,3,0,3,0,3,0,3,0,3,0,3,0,3,0,3,0,3,0,3,0,3,0,3,0,3,0,3,0,3,0,3,0,3,0,3,0,3,0,3,0,3,0,3,0,3,0,3,0,3,0,3,0,3,0,3,0,3,0,3,0,3,0,3,0,3,0,3,0,3,0,3,0,3,0,3,0,3,0,3,0,3,0,3,0,3,0,3,0,3,0,3,0,3,0,3,0,3,0,3,0,3,0,3,0,3,0,3,0,3,0,3,0,3,0,3,0,3,0,3,0,3,0,3,0,3,0,3,0,3,0,3,0,3,0,3,0,3,0,3,0,3,0,3,0,3,0,3,0,3,0,3,0,3,0,3,0,3,0,3,0,3,0,3,0,3,0,3,0,3,0,3,0,3,0,3,0,3,0,3,0,3,0,3,0,3,0,3,0,3,0,3,0,3,0,3,0,3,0,3,0,3,0,3,0,3,0,3,0,3,0,3,0,3,0,3,0,3,0,3,0,3,0,3,0,3,0,3,0,3,0,3,0,3,0,3,0,3,0,3,0,3,0,3,0,3,0,3,0,3,0,3,0,3,0,3,0,3,0,3,0,3,0,3,0,3,0,3,0,3,0,3,0,3,0,3,0,3,0,3,0
,,4,0,4,0,4,0,4,0,4,0,4,0,4,0,4,0,4,0,4,0,4,0,4,0,4,0,4,0,4,0,4,0,4,0,4,0,4,0,4,0,4,0,4,0,4,0,4,0,4,0,4,0,4,0,4,0,4,0,4,0,4,0,4,0,4,0,4,0,4,0,4,0,4,0,4,0,4,0,4,5,4,6,4,3,4,1,4,0,4,0,4,1,4,0,4,0,4,0,4,0,4,0,4,0,4,0,4,0,4,0,4,0,4,0,4,0,4,0,4,0,4,0,4,0,4,0,4,0,4,0,4,0,4,0,4,0,4,0,4,0,4,0,4,0,4,0,4,0,4,0,4,0,4,0,4,0,4,0,4,0,4,0,4,0,4,0,4,0,4,0,4,0,4,0,4,0,4,0,4,0,4,0,4,0,4,0,4,0,4,0,4,0,4,0,4,0,4,0,4,0,4,0,4,0,4,0,4,0,4,0,4,0,4,0,4,0,4,0,4,0,4,0,4,0,4,0,4,0,4,0,4,0,4,0,4,0,4,0,4,0,4,0,4,0,4,0,4,0,4,0,4,0,4,0,4,0,4,0,4,0,4,0,4,0,4,0,4,0,4,0,4,0,4,0,4,0,4,0,4,0,4,0,4,0,4,0,4,0,4,0,4,0,4,0,4,0,4,0,4,0,4,0,4,0,4,0,4,0,4,0,4,0,4,0,4,0,4,0,4,0,4,0,4,0,4,0,4,0,4,0,4,0,4,0,4,0,4,0,4,0,4,0,4,0,4,0,4,0,4,0,4,0,4,0,4,0,4,0,4,0,4,0,4,0,4,0,4,0,4,0,4,0,4,0,4,0,4,0,4,0,4,0,4,0,4,0,4,0,4,0,4,0,4,0,4,0,4,0,4,0,4,0,4,0,4,0,4,0,4,0,4,0,4,0,4,0,4,0,4,0,4,0,4,0,4,0,4,0,4,0,4,0,4,0,4,0,4,0,4,0,4,0,4,0,4,0,4,0,4,0,4,0,4,0,4,0,4,0,4,0,4,0,4,0,4,0,4,0,4,0,4,0,4,0,4,0,4,0,4,0,4,0,4,0,4,0,4,0,4,0,4,0,4,0,4,0,4,0,4,0,4,0,4,0,4,0,4,0,4,0,4,0,4,0,4,0,4,0,4,0,4,0,4,0
,,5,0,5,0,5,0,5,0,5,0,5,0,5,0,5,0,5,0,5,0,5,0,5,0,5,0,5,0,5,0,5,0,5,0,5,0,5,0,5,0,5,0,5,0,5,0,5,0,5,0,5,0,5,0,5,0,5,0,5,0,5,0,5,0,5,0,5,0,5,0,5,0,5,0,5,0,5,0,5,5,5,7,5,2,5,0,5,0,5,0,5,0,5,0,5,0,5,0,5,0,5,0,5,0,5,0,5,0,5,0,5,0,5,0,5,0,5,0,5,0,5,0,5,0,5,0,5,0,5,0,5,0,5,0,5,0,5,0,5,0,5,0,5,0,5,0,5,0,5,0,5,0,5,0,5,0,5,0,5,0,5,0,5,0,5,0,5,0,5,0,5,0,5,0,5,0,5,0,5,0,5,0,5,0,5,0,5,0,5,0,5,0,5,0,5,0,5,0,5,0,5,0,5,0,5,0,5,0,5,0,5,0,5,0,5,0,5,0,5,0,5,0,5,0,5,0,5,0,5,0,5,0,5,0,5,0,5,0,5,0,5,0,5,0,5,0,5,0,5,0,5,0,5,0,5,0,5,0,5,0,5,0,5,0,5,0,5,0,5,0,5,0,5,0,5,0,5,0,5,0,5,0,5,0,5,0,5,0,5,0,5,0,5,0,5,0,5,0,5,0,5,0,5,0,5,0,5,0,5,0,5,0,5,0,5,0,5,0,5,0,5,0,5,0,5,0,5,0,5,0,5,0,5,0,5,0,5,0,5,0,5,0,5,0,5,0,5,0,5,0,5,0,5,0,5,0,5,0,5,0,5,0,5,0,5,0,5,0,5,0,5,0,5,0,5,0,5,0,5,0,5,0,5,0,5,0,5,0,5,0,5,0,5,0,5,0,5,0,5,0,5,0,5,0,5,0,5,0,5,0,5,0,5,0,5,0,5,0,5,0,5,0,5,0,5,0,5,0,5,0,5,0,5,0,5,0,5,0,5,0,5,0,5,0,5,0,5,0,5,0,5,0,5,0,5,0,5,0,5,0,5,0,5,0,5,0,5,0,5,0,5,0,5,0,5,0,5,0,5,0,5,0,5,0,5,0,5,0,5,0,5,0,5,0,5,0,5,0,5,0,5,0,5,0,5,0,5,0,5,0,5,0,5,0,5,0,5,0,5,0,5,0,5,0
,,6,0,6,0,6,0,6,0,6,0,6,0,6,0,6,0,6,0,6,0,6,0,6,0,6,0,6,0,6,0,6,0,6,0,6,0,6,0,6,0,6,0,6,0,6,0,6,0,6,0,6,0,6,0,6,0,6,0,6,0,6,0,6,0,6,0,6,0,6,0,6,0,6,0,6,0,6,0,6,5,6,8,6,3,6,0,6,0,6,0,6,0,6,0,6,0,6,0,6,0,6,0,6,0,6,0,6,0,6,0,6,0,6,0,6,0,6,0,6,0,6,0,6,0,6,0,6,0,6,0,6,0,6,0,6,0,6,0,6,0,6,0,6,0,6,0,6,0,6,0,6,0,6,0,6,0,6,0,6,0,6,0,6,0,6,0,6,0,6,0,6,0,6,0,6,0,6,0,6,0,6,0,6,0,6,0,6,0,6,0,6,0,6,0,6,0,6,0,6,0,6,0,6,0,6,0,6,0,6,0,6,0,6,0,6,0,6,0,6,0,6,0,6,0,6,0,6,0,6,0,6,0,6,0,6,0,6,0,6,0,6,0,6,0,6,0,6,0,6,0,6,0,6,0,6,0,6,0,6,0,6,0,6,0,6,0,6,0,6,0,6,0,6,0,6,0,6,0,6,0,6,0,6,0,6,0,6,0,6,0,6,0,6,0,6,0,6,0,6,0,6,0,6,0,6,0,6,0,6,0,6,0,6,0,6,0,6,0,6,0,6,0,6,0,6,0,6,0,6,0,6,0,6,0,6,0,6,0,6,0,6,0,6,0,6,0,6,0,6,0,6,0,6,0,6,0,6,0,6,0,6,0,6,0,6,0,6,0,6,0,6,0,6,0,6,0,6,0,6,0,6,0,6,0,6,0,6,0,6,0,6,0,6,0,6,0,6,0,6,0,6,0,6,0,6,0,6,0,6,0,6,0,6,0,6,0,6,0,6,0,6,0,6,0,6,0,6,0,6,0,6,0,6,0,6,0,6,0,6,0,6,0,6,0,6,0,6,0,6,0,6,0,6,0,6,0,6,0,6,0,6,0,6,0,6,0,6,0,6,0,6,0,6,0,6,0,6,0,6,0,6,0,6,0,6,0,6,0,6,0,6,0,6,0,6,0,6,0,6,0,6,0,6,0,6,0,6,0,6,0,6,0,6,0,6,0,6,0,6,0,6,0,6,0
,,7,0,7,0,7,0,7,0,7,0,7,0,7,0,7,0,7,0,7,0,7,0,7,0,7,0,7,0,7,0,7,0,7,0,7,0,7,0,7,0,7,0,7,0,7,0,7,0,7,0,7,0,7,0,7,0,7,0,7,0,7,0,7,0,7,0,7,0,7,0,7,0,7,0,7,0,7,0,7,14,7,5,7,5,7,1,7,0,7,0,7,5,7,0,7,0,7,0,7,0,7,0,7,0,7,0,7,0,7,0,7,0,7,0,7,0,7,0,7,0,7,0,7,0,7,0,7,0,7,0,7,0,7,0,7,0,7,0,7,0,7,0,7,0,7,0,7,0,7,0,7,0,7,0,7,0,7,0,7,0,7,0,7,0,7,0,7,0,7,0,7,0,7,0,7,0,7,0,7,0,7,0,7,0,7,0,7,0,7,0,7,0,7,0,7,0,7,0,7,0,7,0,7,0,7,0,7,0,7,0,7,0,7,0,7,0,7,0,7,0,7,0,7,0,7,0,7,0,7,0,7,0,7,0,7,0,7,0,7,0,7,0,7,0,7,0,7,0,7,0,7,0,7,0,7,0,7,0,7,0,7,0,7,0,7,0,7,0,7,0,7,0,7,0,7,0,7,0,7,0,7,0,7,0,7,0,7,0,7,0,7,0,7,0,7,0,7,0,7,0,7,0,7,0,7,0,7,0,7,0,7,0,7,0,7,0,7,0,7,0,7,0,7,0,7,0,7,0,7,0,7,0,7,0,7,0,7,0,7,0,7,0,7,0,7,0,7,0,7,0,7,0,7,0,7,0,7,0,7,0,7,0,7,0,7,0,7,0,7,0,7,0,7,0,7,0,7,0,7,0,7,0,7,0,7,0,7,0,7,0,7,0,7,0,7,0,7,0,7,0,7,0,7,0,7,0,7,0,7,0,7,0,7,0,7,0,7,0,7,0,7,0,7,0,7,0,7,0,7,0,7,0,7,0,7,0,7,0,7,0,7,0,7,0,7,0,7,0,7,0,7,0,7,0,7,0,7,0,7,0,7,0,7,0,7,0,7,0,7,0,7,0,7,0,7,0,7,0,7,0,7,0,7,0,7,0,7,0,7,0,7,0,7,0,7,0,7,0,7,0,7,0,7,0,7,0,7,0,7,0,7,0,7,0,7,0,7,0,7,0,7,0,7,0
,,8,0,8,0,8,0,8,0,8,0,8,0,8,0,8,0,8,0,8,0,8,0,8,0,8,0,8,0,8,0,8,0,8,0,8,0,8,0,8,0,8,0,8,0,8,0,8,0,8,0,8,0,8,0,8,0,8,0,8,0,8,0,8,0,8,0,8,0,8,0,8,0,8,0,8,0,8,0,8,14,8,5,8,4,8,0,8,0,8,0,8,2,8,0,8,0,8,0,8,0,8,0,8,0,8,0,8,0,8,0,8,0,8,0,8,0,8,0,8,0,8,0,8,0,8,0,8,0,8,0,8,0,8,0,8,0,8,0,8,0,8,0,8,0,8,0,8,0,8,0,8,0,8,0,8,0,8,0,8,0,8,0,8,0,8,0,8,0,8,0,8,0,8,0,8,0,8,0,8,0,8,0,8,0,8,0,8,0,8,0,8,0,8,0,8,0,8,0,8,0,8,0,8,0,8,0,8,0,8,0,8,0,8,0,8,0,8,0,8,0,8,0,8,0,8,0,8,0,8,0,8,0,8,0,8,0,8,0,8,0,8,0,8,0,8,0,8,0,8,0,8,0,8,0,8,0,8,0,8,0,8,0,8,0,8,0,8,0,8,0,8,0,8,0,8,0,8,0,8,0,8,0,8,0,8,0,8,0,8,0,8,0,8,0,8,0,8,0,8,0,8,0,8,0,8,0,8,0,8,0,8,0,8,0,8,0,8,0,8,0,8,0,8,0,8,0,8,0,8,0,8,0,8,0,8,0,8,0,8,0,8,0,8,0,8,0,8,0,8,0,8,0,8,0,8,0,8,0,8,0,8,0,8,0,8,0,8,0,8,0,8,0,8,0,8,0,8,0,8,0,8,0,8,0,8,0,8,0,8,0,8,0,8,0,8,0,8,0,8,0,8,0,8,0,8,0,8,0,8,0,8,0,8,0,8,0,8,0,8,0,8,0,8,0,8,0,8,0,8,0,8,0,8,0,8,0,8,0,8,0,8,0,8,0,8,0,8,0,8,0,8,0,8,0,8,0,8,0,8,0,8,0,8,0,8,0,8,0,8,0,8,0,8,0,8,0,8,0,8,0,8,0,8,0,8,0,8,0,8,0,8,0,8,0,8,0,8,0,8,0,8,0,8,0,8,0,8,0,8,0,8,0,8,0,8,0,8,0,8,0,8,0,8,0
,,9,0,9,0,9,0,9,0,9,0,9,0,9,0,9,0,9,0,9,0,9,0,9,0,9,0,9,0,9,0,9,0,9,0,9,0,9,0,9,0,9,0,9,0,9,0,9,0,9,0,9,0,9,0,9,0,9,0,9,0,9,0,9,0,9,0,9,0,9,0,9,0,9,0,9,0,9,0,9,12,9,3,9,2,9,0,9,0,9,0,9,2,9,0,9,0,9,0,9,0,9,0,9,0,9,0,9,0,9,0,9,0,9,0,9,0,9,0,9,0,9,0,9,0,9,0,9,0,9,0,9,0,9,0,9,0,9,0,9,0,9,0,9,0,9,0,9,0,9,0,9,0,9,0,9,0,9,0,9,0,9,0,9,0,9,0,9,0,9,0,9,0,9,0,9,0,9,0,9,0,9,0,9,0,9,0,9,0,9,0,9,0,9,0,9,0,9,0,9,0,9,0,9,0,9,0,9,0,9,0,9,0,9,0,9,0,9,0,9,0,9,0,9,0,9,0,9,0,9,0,9,0,9,0,9,0,9,0,9,0,9,0,9,0,9,0,9,0,9,0,9,0,9,0,9,0,9,0,9,0,9,0,9,0,9,0,9,0,9,0,9,0,9,0,9,0,9,0,9,0,9,0,9,0,9,0,9,0,9,0,9,0,9,0,9,0,9,0,9,0,9,0,9,0,9,0,9,0,9,0,9,0,9,0,9,0,9,0,9,0,9,0,9,0,9,0,9,0,9,0,9,0,9,0,9,0,9,0,9,0,9,0,9,0,9,0,9,0,9,0,9,0,9,0,9,0,9,0,9,0,9,0,9,0,9,0,9,0,9,0,9,0,9,0,9,0,9,0,9,0,9,0,9,0,9,0,9,0,9,0,9,0,9,0,9,0,9,0,9,0,9,0,9,0,9,0,9,0,9,0,9,0,9,0,9,0,9,0,9,0,9,0,9,0,9,0,9,0,9,0,9,0,9,0,9,0,9,0,9,0,9,0,9,0,9,0,9,0,9,0,9,0,9,0,9,0,9,0,9,0,9,0,9,0,9,0,9,0,9,0,9,0,9,0,9,0,9,0,9,0,9,0,9,0,9,0,9,0,9,0,9,0,9,0,9,0,9,0,9,0,9,0,9,0,9,0,9,0,9,0,9,0,9,0,9,0,9,0,9,0,9,0,9,0
,,10,0,10,0,10,0,10,0,10,0,10,0,10,0,10,0,10,0,10,0,10,0,10,0,10,0,10,0,10,0,10,0,10,0,10,0,10,0,10,0,10,0,10,0,10,0,10,0,10,0,10,0,10,0,10,0,10,0,10,0,10,0,10,0,10,0,10,0,10,0,10,0,10,0,10,0,10,0,10,20,10,2,10,5,10,1,10,0,10,0,10,5,10,0,10,0,10,0,10,0,10,0,10,0,10,0,10,0,10,0,10,0,10,0,10,0,10,0,10,0,10,0,10,0,10,0,10,0,10,0,10,0,10,0,10,0,10,0,10,0,10,0,10,0,10,0,10,0,10,0,10,0,10,0,10,0,10,0,10,0,10,0,10,0,10,0,10,0,10,0,10,0,10,0,10,0,10,0,10,0,10,0,10,0,10,0,10,0,10,0,10,0,10,0,10,0,10,0,10,0,10,0,10,0,10,0,10,0,10,0,10,0,10,0,10,0,10,0,10,0,10,0,10,0,10,0,10,0,10,0,10,0,10,0,10,0,10,0,10,0,10,0,10,0,10,0,10,0,10,0,10,0,10,0,10,0,10,0,10,0,10,0,10,0,10,0,10,0,10,0,10,0,10,0,10,0,10,0,10,0,10,0,10,0,10,0,10,0,10,0,10,0,10,0,10,0,10,0,10,0,10,0,10,0,10,0,10,0,10,0,10,0,10,0,10,0,10,0,10,0,10,0,10,0,10,0,10,0,10,0,10,0,10,0,10,0,10,0,10,0,10,0,10,0,10,0,10,0,10,0,10,0,10,0,10,0,10,0,10,0,10,0,10,0,10,0,10,0,10,0,10,0,10,0,10,0,10,0,10,0,10,0,10,0,10,0,10,0,10,0,10,0,10,0,10,0,10,0,10,0,10,0,10,0,10,0,10,0,10,0,10,0,10,0,10,0,10,0,10,0,10,0,10,0,10,0,10,0,10,0,10,0,10,0,10,0,10,0,10,0,10,0,10,0,10,0,10,0,10,0,10,0,10,0,10,0,10,0,10,0,10,0,10,0,10,0,10,0,10,0,10,0,10,0,10,0,10,0,10,0,10,0,10,0,10,0,10,0,10,0,10,0,10,0,10,0,10,0,10,0,10,0,10,0,10,0,10,0,10,0,10,0,10,0,10,0,10,0,10,0,10,0,10,0
,,11,0,11,0,11,0,11,0,11,0,11,0,11,0,11,0,11,0,11,0,11,0,11,0,11,0,11,0,11,0,11,0,11,0,11,0,11,0,11,0,11,0,11,0,11,0,11,0,11,0,11,0,11,0,11,0,11,0,11,0,11,0,11,0,11,0,11,0,11,0,11,0,11,0,11,0,11,0,11,15,11,0,11,4,11,1,11,0,11,0,11,5,11,0,11,0,11,0,11,0,11,0,11,0,11,0,11,0,11,0,11,0,11,0,11,0,11,0,11,0,11,0,11,0,11,0,11,0,11,0,11,0,11,0,11,0,11,0,11,0,11,0,11,0,11,0,11,0,11,0,11,0,11,0,11,0,11,0,11,0,11,0,11,0,11,0,11,0,11,0,11,0,11,0,11,0,11,0,11,0,11,0,11,0,11,0,11,0,11,0,11,0,11,0,11,0,11,0,11,0,11,0,11,0,11,0,11,0,11,0,11,0,11,0,11,0,11,0,11,0,11,0,11,0,11,0,11,0,11,0,11,0,11,0,11,0,11,0,11,0,11,0,11,0,11,0,11,0,11,0,11,0,11,0,11,0,11,0,11,0,11,0,11,0,11,0,11,0,11,0,11,0,11,0,11,0,11,0,11,0,11,0,11,0,11,0,11,0,11,0,11,0,11,0,11,0,11,0,11,0,11,0,11,0,11,0,11,0,11,0,11,0,11,0,11,0,11,0,11,0,11,0,11,0,11,0,11,0,11,0,11,0,11,0,11,0,11,0,11,0,11,0,11,0,11,0,11,0,11,0,11,0,11,0,11,0,11,0,11,0,11,0,11,0,11,0,11,0,11,0,11,0,11,0,11,0,11,0,11,0,11,0,11,0,11,0,11,0,11,0,11,0,11,0,11,0,11,0,11,0,11,0,11,0,11,0,11,0,11,0,11,0,11,0,11,0,11,0,11,0,11,0,11,0,11,0,11,0,11,0,11,0,11,0,11,0,11,0,11,0,11,0,11,0,11,0,11,0,11,0,11,0,11,0,11,0,11,0,11,0,11,0,11,0,11,0,11,0,11,0,11,0,11,0,11,0,11,0,11,0,11,0,11,0,11,0,11,0,11,0,11,0,11,0,11,0,11,0,11,0,11,0,11,0,11,0,11,0,11,0,11,0,11,0,11,0,11,0,11,0,11,0,11,0
,,12,0,12,0,12,0,12,0,12,0,12,0,12,0,12,0,12,0,12,0,12,0,12,0,12,0,12,0,12,0,12,0,12,0,12,0,12,0,12,0,12,0,12,0,12,0,12,0,12,0,12,0,12,0,12,0,12,0,12,0,12,0,12,0,12,0,12,0,12,0,12,0,12,0,12,0,12,0,12,10,12,0,12,3,12,1,12,0,12,0,12,6,12,0,12,0,12,0,12,0,12,0,12,0,12,0,12,0,12,0,12,0,12,0,12,0,12,0,12,0,12,0,12,0,12,0,12,0,12,0,12,0,12,0,12,0,12,0,12,0,12,0,12,0,12,0,12,0,12,0,12,0,12,0,12,0,12,0,12,0,12,0,12,0,12,0,12,0,12,0,12,0,12,0,12,0,12,0,12,0,12,0,12,0,12,0,12,0,12,0,12,0,12,0,12,0,12,0,12,0,12,0,12,0,12,0,12,0,12,0,12,0,12,0,12,0,12,0,12,0,12,0,12,0,12,0,12,0,12,0,12,0,12,0,12,0,12,0,12,0,12,0,12,0,12,0,12,0,12,0,12,0,12,0,12,0,12,0,12,0,12,0,12,0,12,0,12,0,12,0,12,0,12,0,12,0,12,0,12,0,12,0,12,0,12,0,12,0,12,0,12,0,12,0,12,0,12,0,12,0,12,0,12,0,12,0,12,0,12,0,12,0,12,0,12,0,12,0,12,0,12,0,12,0,12,0,12,0,12,0,12,0,12,0,12,0,12,0,12,0,12,0,12,0,12,0,12,0,12,0,12,0,12,0,12,0,12,0,12,0,12,0,12,0,12,0,12,0,12,0,12,0,12,0,12,0,12,0,12,0,12,0,12,0,12,0,12,0,12,0,12,0,12,0,12,0,12,0,12,0,12,0,12,0,12,0,12,0,12,0,12,0,12,0,12,0,12,0,12,0,12,0,12,0,12,0,12,0,12,0,12,0,12,0,12,0,12,0,12,0,12,0,12,0,12,0,12,0,12,0,12,0,12,0,12,0,12,0,12,0,12,0,12,0,12,0,12,0,12,0,12,0,12,0,12,0,12,0,12,0,12,0,12,0,12,0,12,0,12,0,12,0,12,0,12,0,12,0,12,0,12,0,12,0,12,0,12,0,12,0,12,0,12,0,12,0,12,0,12,0,12,0,12,0
,,13,0,13,0,13,0,13,0,13,0,13,0,13,0,13,0,13,0,13,0,13,0,13,0,13,0,13,0,13,0,13,0,13,0,13,0,13,0,13,0,13,0,13,0,13,0,13,0,13,0,13,0,13,0,13,0,13,0,13,0,13,0,13,0,13,0,13,0,13,0,13,0,13,0,13,0,13,0,13,11,13,7,13,6,13,2,13,0,13,0,13,3,13,0,13,0,13,0,13,0,13,0,13,0,13,0,13,0,13,0,13,0,13,0,13,0,13,0,13,0,13,0,13,0,13,0,13,0,13,0,13,0,13,0,13,0,13,0,13,0,13,0,13,0,13,0,13,0,13,0,13,0,13,0,13,0,13,0,13,0,13,0,13,0,13,0,13,0,13,0,13,0,13,0,13,0,13,0,13,0,13,0,13,0,13,0,13,0,13,0,13,0,13,0,13,0,13,0,13,0,13,0,13,0,13,0,13,0,13,0,13,0,13,0,13,0,13,0,13,0,13,0,13,0,13,0,13,0,13,0,13,0,13,0,13,0,13,0,13,0,13,0,13,0,13,0,13,0,13,0,13,0,13,0,13,0,13,0,13,0,13,0,13,0,13,0,13,0,13,0,13,0,13,0,13,0,13,0,13,0,13,0,13,0,13,0,13,0,13,0,13,0,13,0,13,0,13,0,13,0,13,0,13,0,13,0,13,0,13,0,13,0,13,0,13,0,13,0,13,0,13,0,13,0,13,0,13,0,13,0,13,0,13,0,13,0,13,0,13,0,13,0,13,0,13,0,13,0,13,0,13,0,13,0,13,0,13,0,13,0,13,0,13,0,13,0,13,0,13,0,13,0,13,0,13,0,13,0,13,0,13,0,13,0,13,0,13,0,13,0,13,0,13,0,13,0,13,0,13,0,13,0,13,0,13,0,13,0,13,0,13,0,13,0,13,0,13,0,13,0,13,0,13,0,13,0,13,0,13,0,13,0,13,0,13,0,13,0,13,0,13,0,13,0,13,0,13,0,13,0,13,0,13,0,13,0,13,0,13,0,13,0,13,0,13,0,13,0,13,0,13,0,13,0,13,0,13,0,13,0,13,0,13,0,13,0,13,0,13,0,13,0,13,0,13,0,13,0,13,0,13,0,13,0,13,0,13,0,13,0,13,0,13,0,13,0,13,0,13,0,13,0,13,0
,,14,0,14,0,14,0,14,0,14,0,14,0,14,0,14,0,14,0,14,0,14,0,14,0,14,0,14,0,14,0,14,0,14,0,14,0,14,0,14,0,14,0,14,0,14,0,14,0,14,0,14,0,14,0,14,0,14,0,14,0,14,0,14,0,14,0,14,0,14,0,14,0,14,0,14,0,14,0,14,4,14,1,14,1,14,0,14,0,14,0,14,2,14,0,14,0,14,0,14,0,14,0,14,0,14,0,14,0,14,0,14,0,14,0,14,0,14,0,14,0,14,0,14,0,14,0,14,0,14,0,14,0,14,0,14,0,14,0,14,0,14,0,14,0,14,0,14,0,14,0,14,0,14,0,14,0,14,0,14,0,14,0,14,0,14,0,14,0,14,0,14,0,14,0,14,0,14,0,14,0,14,0,14,0,14,0,14,0,14,0,14,0,14,0,14,0,14,0,14,0,14,0,14,0,14,0,14,0,14,0,14,0,14,0,14,0,14,0,14,0,14,0,14,0,14,0,14,0,14,0,14,0,14,0,14,0,14,0,14,0,14,0,14,0,14,0,14,0,14,0,14,0,14,0,14,0,14,0,14,0,14,0,14,0,14,0,14,0,14,0,14,0,14,0,14,0,14,0,14,0,14,0,14,0,14,0,14,0,14,0,14,0,14,0,14,0,14,0,14,0,14,0,14,0,14,0,14,0,14,0,14,0,14,0,14,0,14,0,14,0,14,0,14,0,14,0,14,0,14,0,14,0,14,0,14,0,14,0,14,0,14,0,14,0,14,0,14,0,14,0,14,0,14,0,14,0,14,0,14,0,14,0,14,0,14,0,14,0,14,0,14,0,14,0,14,0,14,0,14,0,14,0,14,0,14,0,14,0,14,0,14,0,14,0,14,0,14,0,14,0,14,0,14,0,14,0,14,0,14,0,14,0,14,0,14,0,14,0,14,0,14,0,14,0,14,0,14,0,14,0,14,0,14,0,14,0,14,0,14,0,14,0,14,0,14,0,14,0,14,0,14,0,14,0,14,0,14,0,14,0,14,0,14,0,14,0,14,0,14,0,14,0,14,0,14,0,14,0,14,0,14,0,14,0,14,0,14,0,14,0,14,0,14,0,14,0,14,0,14,0,14,0,14,0,14,0,14,0,14,0,14,0,14,0,14,0,14,0,14,0,14,0,14,0
,,15,0,15,0,15,0,15,0,15,0,15,0,15,0,15,0,15,0,15,0,15,0,15,0,15,0,15,0,15,0,15,0,15,0,15,0,15,0,15,0,15,0,15,0,15,0,15,0,15,0,15,0,15,0,15,0,15,0,15,0,15,0,15,0,15,0,15,0,15,0,15,0,15,0,15,0,15,0,15,4,15,5,15,3,15,0,15,0,15,0,15,0,15,0,15,0,15,0,15,0,15,0,15,0,15,0,15,0,15,0,15,0,15,0,15,0,15,0,15,0,15,0,15,0,15,0,15,0,15,0,15,0,15,0,15,0,15,0,15,0,15,0,15,0,15,0,15,0,15,0,15,0,15,0,15,0,15,0,15,0,15,0,15,0,15,0,15,0,15,0,15,0,15,0,15,0,15,0,15,0,15,0,15,0,15,0,15,0,15,0,15,0,15,0,15,0,15,0,15,0,15,0,15,0,15,0,15,0,15,0,15,0,15,0,15,0,15,0,15,0,15,0,15,0,15,0,15,0,15,0,15,0,15,0,15,0,15,0,15,0,15,0,15,0,15,0,15,0,15,0,15,0,15,0,15,0,15,0,15,0,15,0,15,0,15,0,15,0,15,0,15,0,15,0,15,0,15,0,15,0,15,0,15,0,15,0,15,0,15,0,15,0,15,0,15,0,15,0,15,0,15,0,15,0,15,0,15,0,15,0,15,0,15,0,15,0,15,0,15,0,15,0,15,0,15,0,15,0,15,0,15,0,15,0,15,0,15,0,15,0,15,0,15,0,15,0,15,0,15,0,15,0,15,0,15,0,15,0,15,0,15,0,15,0,15,0,15,0,15,0,15,0,15,0,15,0,15,0,15,0,15,0,15,0,15,0,15,0,15,0,15,0,15,0,15,0,15,0,15,0,15,0,15,0,15,0,15,0,15,0,15,0,15,0,15,0,15,0,15,0,15,0,15,0,15,0,15,0,15,0,15,0,15,0,15,0,15,0,15,0,15,0,15,0,15,0,15,0,15,0,15,0,15,0,15,0,15,0,15,0,15,0,15,0,15,0,15,0,15,0,15,0,15,0,15,0,15,0,15,0,15,0,15,0,15,0,15,0,15,0,15,0,15,0,15,0,15,0,15,0,15,0,15,0,15,0,15,0,15,0,15,0,15,0,15,0,15,0,15,0,15,0,15,0
,,16,0,16,0,16,0,16,0,16,0,16,0,16,0,16,0,16,0,16,0,16,0,16,0,16,0,16,0,16,0,16,0,16,0,16,0,16,0,16,0,16,0,16,0,16,0,16,0,16,0,16,0,16,0,16,0,16,0,16,0,16,0,16,0,16,0,16,0,16,0,16,0,16,0,16,0,16,0,16,2,16,6,16,5,16,1,16,0,16,0,16,0,16,0,16,0,16,0,16,0,16,0,16,0,16,0,16,0,16,0,16,0,16,0,16,0,16,0,16,0,16,0,16,0,16,0,16,0,16,0,16,0,16,0,16,0,16,0,16,0,16,0,16,0,16,0,16,0,16,0,16,0,16,0,16,0,16,0,16,0,16,0,16,0,16,0,16,0,16,0,16,0,16,0,16,0,16,0,16,0,16,0,16,0,16,0,16,0,16,0,16,0,16,0,16,0,16,0,16,0,16,0,16,0,16,0,16,0,16,0,16,0,16,0,16,0,16,0,16,0,16,0,16,0,16,0,16,0,16,0,16,0,16,0,16,0,16,0,16,0,16,0,16,0,16,0,16,0,16,0,16,0,16,0,16,0,16,0,16,0,16,0,16,0,16,0,16,0,16,0,16,0,16,0,16,0,16,0,16,0,16,0,16,0,16,0,16,0,16,0,16,0,16,0,16,0,16,0,16,0,16,0,16,0,16,0,16,0,16,0,16,0,16,0,16,0,16,0,16,0,16,0,16,0,16,0,16,0,16,0,16,0,16,0,16,0,16,0,16,0,16,0,16,0,16,0,16,0,16,0,16,0,16,0,16,0,16,0,16,0,16,0,16,0,16,0,16,0,16,0,16,0,16,0,16,0,16,0,16,0,16,0,16,0,16,0,16,0,16,0,16,0,16,0,16,0,16,0,16,0,16,0,16,0,16,0,16,0,16,0,16,0,16,0,16,0,16,0,16,0,16,0,16,0,16,0,16,0,16,0,16,0,16,0,16,0,16,0,16,0,16,0,16,0,16,0,16,0,16,0,16,0,16,0,16,0,16,0,16,0,16,0,16,0,16,0,16,0,16,0,16,0,16,0,16,0,16,0,16,0,16,0,16,0,16,0,16,0,16,0,16,0,16,0,16,0,16,0,16,0,16,0,16,0,16,0,16,0,16,0,16,0,16,0,16,0,16,0,16,0,16,0,16,0
,,17,0,17,0,17,0,17,0,17,0,17,0,17,0,17,0,17,0,17,0,17,0,17,0,17,0,17,0,17,0,17,0,17,0,17,0,17,0,17,0,17,0,17,0,17,0,17,0,17,0,17,0,17,0,17,0,17,0,17,0,17,0,17,0,17,0,17,0,17,0,17,0,17,0,17,0,17,0,17,13,17,6,17,6,17,1,17,0,17,0,17,2,17,0,17,0,17,0,17,0,17,0,17,0,17,0,17,0,17,0,17,0,17,0,17,0,17,0,17,0,17,0,17,0,17,0,17,0,17,0,17,0,17,0,17,0,17,0,17,0,17,0,17,0,17,0,17,0,17,0,17,0,17,0,17,0,17,0,17,0,17,0,17,0,17,0,17,0,17,0,17,0,17,0,17,0,17,0,17,0,17,0,17,0,17,0,17,0,17,0,17,0,17,0,17,0,17,0,17,0,17,0,17,0,17,0,17,0,17,0,17,0,17,0,17,0,17,0,17,0,17,0,17,0,17,0,17,0,17,0,17,0,17,0,17,0,17,0,17,0,17,0,17,0,17,0,17,0,17,0,17,0,17,0,17,0,17,0,17,0,17,0,17,0,17,0,17,0,17,0,17,0,17,0,17,0,17,0,17,0,17,0,17,0,17,0,17,0,17,0,17,0,17,0,17,0,17,0,17,0,17,0,17,0,17,0,17,0,17,0,17,0,17,0,17,0,17,0,17,0,17,0,17,0,17,0,17,0,17,0,17,0,17,0,17,0,17,0,17,0,17,0,17,0,17,0,17,0,17,0,17,0,17,0,17,0,17,0,17,0,17,0,17,0,17,0,17,0,17,0,17,0,17,0,17,0,17,0,17,0,17,0,17,0,17,0,17,0,17,0,17,0,17,0,17,0,17,0,17,0,17,0,17,0,17,0,17,0,17,0,17,0,17,0,17,0,17,0,17,0,17,0,17,0,17,0,17,0,17,0,17,0,17,0,17,0,17,0,17,0,17,0,17,0,17,0,17,0,17,0,17,0,17,0,17,0,17,0,17,0,17,0,17,0,17,0,17,0,17,0,17,0,17,0,17,0,17,0,17,0,17,0,17,0,17,0,17,0,17,0,17,0,17,0,17,0,17,0,17,0,17,0,17,0,17,0,17,0,17,0,17,0,17,0,17,0,17,0,17,0,17,0,17,0
,,18,0,18,0,18,0,18,0,18,0,18,0,18,0,18,0,18,0,18,0,18,0,18,0,18,0,18,0,18,0,18,0,18,0,18,0,18,0,18,0,18,0,18,0,18,0,18,0,18,0,18,0,18,0,18,0,18,0,18,0,18,0,18,0,18,0,18,0,18,0,18,0,18,0,18,0,18,0,18,8,18,10,18,7,18,1,18,0,18,0,18,1,18,0,18,0,18,0,18,0,18,0,18,0,18,0,18,0,18,0,18,0,18,0,18,0,18,0,18,0,18,0,18,0,18,0,18,0,18,0,18,0,18,0,18,0,18,0,18,0,18,0,18,0,18,0,18,0,18,0,18,0,18,0,18,0,18,0,18,0,18,0,18,0,18,0,18,0,18,0,18,0,18,0,18,0,18,0,18,0,18,0,18,0,18,0,18,0,18,0,18,0,18,0,18,0,18,0,18,0,18,0,18,0,18,0,18,0,18,0,18,0,18,0,18,0,18,0,18,0,18,0,18,0,18,0,18,0,18,0,18,0,18,0,18,0,18,0,18,0,18,0,18,0,18,0,18,0,18,0,18,0,18,0,18,0,18,0,18,0,18,0,18,0,18,0,18,0,18,0,18,0,18,0,18,0,18,0,18,0,18,0,18,0,18,0,18,0,18,0,18,0,18,0,18,0,18,0,18,0,18,0,18,0,18,0,18,0,18,0,18,0,18,0,18,0,18,0,18,0,18,0,18,0,18,0,18,0,18,0,18,0,18,0,18,0,18,0,18,0,18,0,18,0,18,0,18,0,18,0,18,0,18,0,18,0,18,0,18,0,18,0,18,0,18,0,18,0,18,0,18,0,18,0,18,0,18,0,18,0,18,0,18,0,18,0,18,0,18,0,18,0,18,0,18,0,18,0,18,0,18,0,18,0,18,0,18,0,18,0,18,0,18,0,18,0,18,0,18,0,18,0,18,0,18,0,18,0,18,0,18,0,18,0,18,0,18,0,18,0,18,0,18,0,18,0,18,0,18,0,18,0,18,0,18,0,18,0,18,0,18,0,18,0,18,0,18,0,18,0,18,0,18,0,18,0,18,0,18,0,18,0,18,0,18,0,18,0,18,0,18,0,18,0,18,0,18,0,18,0,18,0,18,0,18,0,18,0,18,0,18,0,18,0,18,0,18,0,18,0,18,0,18,0
,,19,0,19,0,19,0,19,0,19,0,19,0,19,0,19,0,19,0,19,0,19,0,19,0,19,0,19,0,19,0,19,0,19,0,19,0,19,0,19,0,19,0,19,0,19,0,19,0,19,0,19,0,19,0,19,0,19,0,19,0,19,0,19,0,19,0,19,0,19,0,19,0,19,0,19,0,19,0,19,11,19,3,19,4,19,1,19,0,19,0,19,5,19,0,19,0,19,0,19,0,19,0,19,0,19,0,19,0,19,0,19,0,19,0,19,0,19,0,19,0,19,0,19,0,19,0,19,0,19,0,19,0,19,0,19,0,19,0,19,0,19,0,19,0,19,0,19,0,19,0,19,0,19,0,19,0,19,0,19,0,19,0,19,0,19,0,19,0,19,0,19,0,19,0,19,0,19,0,19,0,19,0,19,0,19,0,19,0,19,0,19,0,19,0,19,0,19,0,19,0,19,0,19,0,19,0,19,0,19,0,19,0,19,0,19,0,19,0,19,0,19,0,19,0,19,0,19,0,19,0,19,0,19,0,19,0,19,0,19,0,19,0,19,0,19,0,19,0,19,0,19,0,19,0,19,0,19,0,19,0,19,0,19,0,19,0,19,0,19,0,19,0,19,0,19,0,19,0,19,0,19,0,19,0,19,0,19,0,19,0,19,0,19,0,19,0,19,0,19,0,19,0,19,0,19,0,19,0,19,0,19,0,19,0,19,0,19,0,19,0,19,0,19,0,19,0,19,0,19,0,19,0,19,0,19,0,19,0,19,0,19,0,19,0,19,0,19,0,19,0,19,0,19,0,19,0,19,0,19,0,19,0,19,0,19,0,19,0,19,0,19,0,19,0,19,0,19,0,19,0,19,0,19,0,19,0,19,0,19,0,19,0,19,0,19,0,19,0,19,0,19,0,19,0,19,0,19,0,19,0,19,0,19,0,19,0,19,0,19,0,19,0,19,0,19,0,19,0,19,0,19,0,19,0,19,0,19,0,19,0,19,0,19,0,19,0,19,0,19,0,19,0,19,0,19,0,19,0,19,0,19,0,19,0,19,0,19,0,19,0,19,0,19,0,19,0,19,0,19,0,19,0,19,0,19,0,19,0,19,0,19,0,19,0,19,0,19,0,19,0,19,0,19,0,19,0,19,0,19,0,19,0,19,0,19,0,19,0,19,0,19,0,19,0
,,20,0,20,0,20,0,20,0,20,0,20,0,20,0,20,0,20,0,20,0,20,0,20,0,20,0,20,0,20,0,20,0,20,0,20,0,20,0,20,0,20,0,20,0,20,0,20,0,20,0,20,0,20,0,20,0,20,0,20,0,20,0,20,0,20,0,20,1,20,0,20,0,20,0,20,0,20,0,20,14,20,0,20,0,20,0,20,0,20,0,20,1,20,0,20,0,20,0,20,0,20,0,20,0,20,0,20,0,20,0,20,0,20,0,20,0,20,0,20,0,20,0,20,0,20,0,20,0,20,0,20,0,20,0,20,0,20,0,20,0,20,0,20,0,20,0,20,0,20,0,20,0,20,0,20,0,20,0,20,0,20,0,20,0,20,0,20,0,20,0,20,0,20,0,20,0,20,0,20,0,20,0,20,0,20,0,20,0,20,0,20,0,20,0,20,0,20,0,20,0,20,0,20,0,20,0,20,0,20,0,20,0,20,0,20,0,20,0,20,0,20,0,20,0,20,0,20,0,20,0,20,0,20,0,20,0,20,0,20,0,20,0,20,0,20,0,20,0,20,0,20,0,20,0,20,0,20,0,20,0,20,0,20,0,20,0,20,0,20,0,20,0,20,0,20,0,20,0,20,0,20,0,20,0,20,0,20,0,20,0,20,0,20,0,20,0,20,0,20,0,20,0,20,0,20,0,20,0,20,0,20,0,20,0,20,0,20,0,20,0,20,0,20,0,20,0,20,0,20,0,20,0,20,0,20,0,20,0,20,0,20,0,20,0,20,0,20,0,20,0,20,0,20,0,20,0,20,0,20,0,20,0,20,0,20,0,20,0,20,0,20,0,20,0,20,0,20,0,20,0,20,0,20,0,20,0,20,0,20,0,20,0,20,0,20,0,20,0,20,0,20,0,20,0,20,0,20,0,20,0,20,0,20,0,20,0,20,0,20,0,20,0,20,0,20,0,20,0,20,0,20,0,20,0,20,0,20,0,20,0,20,0,20,0,20,0,20,0,20,0,20,0,20,0,20,0,20,0,20,0,20,0,20,0,20,0,20,0,20,0,20,0,20,0,20,0,20,0,20,0,20,0,20,0,20,0,20,0,20,0,20,0,20,0,20,0,20,0,20,0,20,0,20,0,20,0,20,0,20,0,20,0,20,0,20,0,20,0,20,0,20,0,20,0
,,21,0,21,0,21,0,21,0,21,0,21,0,21,0,21,0,21,0,21,0,21,0,21,0,21,0,21,0,21,0,21,0,21,0,21,0,21,0,21,0,21,0,21,0,21,0,21,0,21,0,21,0,21,0,21,0,21,0,21,0,21,0,21,0,21,0,21,0,21,0,21,0,21,0,21,0,21,0,21,11,21,9,21,6,21,1,21,0,21,0,21,1,21,0,21,0,21,0,21,0,21,0,21,0,21,0,21,0,21,0,21,0,21,0,21,0,21,0,21,0,21,0,21,0,21,0,21,0,21,0,21,0,21,0,21,0,21,0,21,0,21,0,21,0,21,0,21,0,21,0,21,0,21,0,21,0,21,0,21,0,21,0,21,0,21,0,21,0,21,0,21,0,21,0,21,0,21,0,21,0,21,0,21,0,21,0,21,0,21,0,21,0,21,0,21,0,21,0,21,0,21,0,21,0,21,0,21,0,21,0,21,0,21,0,21,0,21,0,21,0,21,0,21,0,21,0,21,0,21,0,21,0,21,0,21,0,21,0,21,0,21,0,21,0,21,0,21,0,21,0,21,0,21,0,21,0,21,0,21,0,21,0,21,0,21,0,21,0,21,0,21,0,21,0,21,0,21,0,21,0,21,0,21,0,21,0,21,0,21,0,21,0,21,0,21,0,21,0,21,0,21,0,21,0,21,0,21,0,21,0,21,0,21,0,21,0,21,0,21,0,21,0,21,0,21,0,21,0,21,0,21,0,21,0,21,0,21,0,21,0,21,0,21,0,21,0,21,0,21,0,21,0,21,0,21,0,21,0,21,0,21,0,21,0,21,0,21,0,21,0,21,0,21,0,21,0,21,0,21,0,21,0,21,0,21,0,21,0,21,0,21,0,21,0,21,0,21,0,21,0,21,0,21,0,21,0,21,0,21,0,21,0,21,0,21,0,21,0,21,0,21,0,21,0,21,0,21,0,21,0,21,0,21,0,21,0,21,0,21,0,21,0,21,0,21,0,21,0,21,0,21,0,21,0,21,0,21,0,21,0,21,0,21,0,21,0,21,0,21,0,21,0,21,0,21,0,21,0,21,0,21,0,21,0,21,0,21,0,21,0,21,0,21,0,21,0,21,0,21,0,21,0,21,0,21,0,21,0,21,0,21,0,21,0,21,0,21,0,21,0,21,0,21,0
,,22,0,22,0,22,0,22,0,22,0,22,0,22,0,22,0,22,0,22,0,22,0,22,0,22,0,22,0,22,0,22,0,22,0,22,0,22,0,22,0,22,0,22,0,22,0,22,0,22,0,22,0,22,0,22,0,22,0,22,0,22,0,22,0,22,0,22,0,22,0,22,0,22,0,22,0,22,0,22,5,22,3,22,1,22,0,22,0,22,0,22,1,22,0,22,0,22,0,22,0,22,0,22,0,22,0,22,0,22,0,22,0,22,0,22,0,22,0,22,0,22,0,22,0,22,0,22,0,22,0,22,0,22,0,22,0,22,0,22,0,22,0,22,0,22,0,22,0,22,0,22,0,22,0,22,0,22,0,22,0,22,0,22,0,22,0,22,0,22,0,22,0,22,0,22,0,22,0,22,0,22,0,22,0,22,0,22,0,22,0,22,0,22,0,22,0,22,0,22,0,22,0,22,0,22,0,22,0,22,0,22,0,22,0,22,0,22,0,22,0,22,0,22,0,22,0,22,0,22,0,22,0,22,0,22,0,22,0,22,0,22,0,22,0,22,0,22,0,22,0,22,0,22,0,22,0,22,0,22,0,22,0,22,0,22,0,22,0,22,0,22,0,22,0,22,0,22,0,22,0,22,0,22,0,22,0,22,0,22,0,22,0,22,0,22,0,22,0,22,0,22,0,22,0,22,0,22,0,22,0,22,0,22,0,22,0,22,0,22,0,22,0,22,0,22,0,22,0,22,0,22,0,22,0,22,0,22,0,22,0,22,0,22,0,22,0,22,0,22,0,22,0,22,0,22,0,22,0,22,0,22,0,22,0,22,0,22,0,22,0,22,0,22,0,22,0,22,0,22,0,22,0,22,0,22,0,22,0,22,0,22,0,22,0,22,0,22,0,22,0,22,0,22,0,22,0,22,0,22,0,22,0,22,0,22,0,22,0,22,0,22,0,22,0,22,0,22,0,22,0,22,0,22,0,22,0,22,0,22,0,22,0,22,0,22,0,22,0,22,0,22,0,22,0,22,0,22,0,22,0,22,0,22,0,22,0,22,0,22,0,22,0,22,0,22,0,22,0,22,0,22,0,22,0,22,0,22,0,22,0,22,0,22,0,22,0,22,0,22,0,22,0,22,0,22,0,22,0,22,0,22,0,22,0,22,0,22,0,22,0,22,0,22,0
,,23,0,23,0,23,0,23,0,23,0,23,0,23,0,23,0,23,0,23,0,23,0,23,0,23,0,23,0,23,0,23,0,23,0,23,0,23,0,23,0,23,0,23,0,23,0,23,0,23,0,23,0,23,0,23,0,23,0,23,0,23,0,23,0,23,0,23,0,23,0,23,0,23,0,23,0,23,0,23,11,23,8,23,5,23,0,23,0,23,0,23,1,23,0,23,0,23,0,23,0,23,0,23,0,23,0,23,0,23,0,23,0,23,0,23,0,23,0,23,0,23,0,23,0,23,0,23,0,23,0,23,0,23,0,23,0,23,0,23,0,23,0,23,0,23,0,23,0,23,0,23,0,23,0,23,0,23,0,23,0,23,0,23,0,23,0,23,0,23,0,23,0,23,0,23,0,23,0,23,0,23,0,23,0,23,0,23,0,23,0,23,0,23,0,23,0,23,0,23,0,23,0,23,0,23,0,23,0,23,0,23,0,23,0,23,0,23,0,23,0,23,0,23,0,23,0,23,0,23,0,23,0,23,0,23,0,23,0,23,0,23,0,23,0,23,0,23,0,23,0,23,0,23,0,23,0,23,0,23,0,23,0,23,0,23,0,23,0,23,0,23,0,23,0,23,0,23,0,23,0,23,0,23,0,23,0,23,0,23,0,23,0,23,0,23,0,23,0,23,0,23,0,23,0,23,0,23,0,23,0,23,0,23,0,23,0,23,0,23,0,23,0,23,0,23,0,23,0,23,0,23,0,23,0,23,0,23,0,23,0,23,0,23,0,23,0,23,0,23,0,23,0,23,0,23,0,23,0,23,0,23,0,23,0,23,0,23,0,23,0,23,0,23,0,23,0,23,0,23,0,23,0,23,0,23,0,23,0,23,0,23,0,23,0,23,0,23,0,23,0,23,0,23,0,23,0,23,0,23,0,23,0,23,0,23,0,23,0,23,0,23,0,23,0,23,0,23,0,23,0,23,0,23,0,23,0,23,0,23,0,23,0,23,0,23,0,23,0,23,0,23,0,23,0,23,0,23,0,23,0,23,0,23,0,23,0,23,0,23,0,23,0,23,0,23,0,23,0,23,0,23,0,23,0,23,0,23,0,23,0,23,0,23,0,23,0,23,0,23,0,23,0,23,0,23,0,23,0,23,0,23,0,23,0,23,0,23,0,23,0,23,0,23,0
,,24,0,24,0,24,0,24,0,24,0,24,0,24,0,24,0,24,0,24,0,24,0,24,0,24,0,24,0,24,0,24,0,24,0,24,0,24,0,24,0,24,0,24,0,24,0,24,0,24,0,24,0,24,0,24,0,24,0,24,0,24,0,24,0,24,0,24,17,24,2,24,0,24,0,24,0,24,0,24,5,24,0,24,0,24,0,24,0,24,0,24,1,24,0,24,0,24,0,24,0,24,0,24,0,24,0,24,0,24,0,24,0,24,0,24,0,24,0,24,0,24,0,24,0,24,0,24,0,24,0,24,0,24,0,24,0,24,0,24,0,24,0,24,0,24,0,24,0,24,0,24,0,24,0,24,0,24,0,24,0,24,0,24,0,24,0,24,0,24,0,24,0,24,0,24,0,24,0,24,0,24,0,24,0,24,0,24,0,24,0,24,0,24,0,24,0,24,0,24,0,24,0,24,0,24,0,24,0,24,0,24,0,24,0,24,0,24,0,24,0,24,0,24,0,24,0,24,0,24,0,24,0,24,0,24,0,24,0,24,0,24,0,24,0,24,0,24,0,24,0,24,0,24,0,24,0,24,0,24,0,24,0,24,0,24,0,24,0,24,0,24,0,24,0,24,0,24,0,24,0,24,0,24,0,24,0,24,0,24,0,24,0,24,0,24,0,24,0,24,0,24,0,24,0,24,0,24,0,24,0,24,0,24,0,24,0,24,0,24,0,24,0,24,0,24,0,24,0,24,0,24,0,24,0,24,0,24,0,24,0,24,0,24,0,24,0,24,0,24,0,24,0,24,0,24,0,24,0,24,0,24,0,24,0,24,0,24,0,24,0,24,0,24,0,24,0,24,0,24,0,24,0,24,0,24,0,24,0,24,0,24,0,24,0,24,0,24,0,24,0,24,0,24,0,24,0,24,0,24,0,24,0,24,0,24,0,24,0,24,0,24,0,24,0,24,0,24,0,24,0,24,0,24,0,24,0,24,0,24,0,24,0,24,0,24,0,24,0,24,0,24,0,24,0,24,0,24,0,24,0,24,0,24,0,24,0,24,0,24,0,24,0,24,0,24,0,24,0,24,0,24,0,24,0,24,0,24,0,24,0,24,0,24,0,24,0,24,0,24,0,24,0,24,0,24,0,24,0,24,0,24,0,24,0,24,0,24,0,24,0,24,0,24,0
,,25,0,25,0,25,0,25,0,25,0,25,0,25,0,25,0,25,0,25,0,25,0,25,0,25,0,25,0,25,0,25,0,25,0,25,0,25,0,25,0,25,0,25,0,25,0,25,0,25,0,25,0,25,0,25,0,25,0,25,0,25,0,25,0,25,0,25,8,25,1,25,0,25,0,25,0,25,0,25,8,25,0,25,0,25,0,25,0,25,0,25,1,25,0,25,0,25,0,25,0,25,0,25,0,25,0,25,0,25,0,25,0,25,0,25,0,25,0,25,0,25,0,25,0,25,0,25,0,25,0,25,0,25,0,25,0,25,0,25,0,25,0,25,0,25,0,25,0,25,0,25,0,25,0,25,0,25,0,25,0,25,0,25,0,25,0,25,0,25,0,25,0,25,0,25,0,25,0,25,0,25,0,25,0,25,0,25,0,25,0,25,0,25,0,25,0,25,0,25,0,25,0,25,0,25,0,25,0,25,0,25,0,25,0,25,0,25,0,25,0,25,0,25,0,25,0,25,0,25,0,25,0,25,0,25,0,25,0,25,0,25,0,25,0,25,0,25,0,25,0,25,0,25,0,25,0,25,0,25,0,25,0,25,0,25,0,25,0,25,0,25,0,25,0,25,0,25,0,25,0,25,0,25,0,25,0,25,0,25,0,25,0,25,0,25,0,25,0,25,0,25,0,25,0,25,0,25,0,25,0,25,0,25,0,25,0,25,0,25,0,25,0,25,0,25,0,25,0,25,0,25,0,25,0,25,0,25,0,25,0,25,0,25,0,25,0,25,0,25,0,25,0,25,0,25,0,25,0,25,0,25,0,25,0,25,0,25,0,25,0,25,0,25,0,25,0,25,0,25,0,25,0,25,0,25,0,25,0,25,0,25,0,25,0,25,0,25,0,25,0,25,0,25,0,25,0,25,0,25,0,25,0,25,0,25,0,25,0,25,0,25,0,25,0,25,0,25,0,25,0,25,0,25,0,25,0,25,0,25,0,25,0,25,0,25,0,25,0,25,0,25,0,25,0,25,0,25,0,25,0,25,0,25,0,25,0,25,0,25,0,25,0,25,0,25,0,25,0,25,0,25,0,25,0,25,0,25,0,25,0,25,0,25,0,25,0,25,0,25,0,25,0,25,0,25,0,25,0,25,0,25,0,25,0,25,0,25,0,25,0,25,0,25,0
,,26,0,26,0,26,0,26,0,26,0,26,0,26,0,26,0,26,0,26,0,26,0,26,0,26,0,26,0,26,0,26,0,26,0,26,0,26,0,26,0,26,0,26,0,26,0,26,0,26,0,26,0,26,0,26,0,26,0,26,0,26,0,26,0,26,0,26,15,26,2,26,0,26,0,26,0,26,0,26,10,26,0,26,0,26,0,26,0,26,0,26,3,26,0,26,0,26,0,26,0,26,0,26,0,26,0,26,0,26,0,26,0,26,0,26,0,26,0,26,0,26,0,26,0,26,0,26,0,26,0,26,0,26,0,26,0,26,0,26,0,26,0,26,0,26,0,26,0,26,0,26,0,26,0,26,0,26,0,26,0,26,0,26,0,26,0,26,0,26,0,26,0,26,0,26,0,26,0,26,0,26,0,26,0,26,0,26,0,26,0,26,0,26,0,26,0,26,0,26,0,26,0,26,0,26,0,26,0,26,0,26,0,26,0,26,0,26,0,26,0,26,0,26,0,26,0,26,0,26,0,26,0,26,0,26,0,26,0,26,0,26,0,26,0,26,0,26,0,26,0,26,0,26,0,26,0,26,0,26,0,26,0,26,0,26,0,26,0,26,0,26,0,26,0,26,0,26,0,26,0,26,0,26,0,26,0,26,0,26,0,26,0,26,0,26,0,26,0,26,0,26,0,26,0,26,0,26,0,26,0,26,0,26,0,26,0,26,0,26,0,26,0,26,0,26,0,26,0,26,0,26,0,26,0,26,0,26,0,26,0,26,0,26,0,26,0,26,0,26,0,26,0,26,0,26,0,26,0,26,0,26,0,26,0,26,0,26,0,26,0,26,0,26,0,26,0,26,0,26,0,26,0,26,0,26,0,26,0,26,0,26,0,26,0,26,0,26,0,26,0,26,0,26,0,26,0,26,0,26,0,26,0,26,0,26,0,26,0,26,0,26,0,26,0,26,0,26,0,26,0,26,0,26,0,26,0,26,0,26,0,26,0,26,0,26,0,26,0,26,0,26,0,26,0,26,0,26,0,26,0,26,0,26,0,26,0,26,0,26,0,26,0,26,0,26,0,26,0,26,0,26,0,26,0,26,0,26,0,26,0,26,0,26,0,26,0,26,0,26,0,26,0,26,0,26,0,26,0,26,0,26,0,26,0,26,0,26,0,26,0,26,0,26,0
,,27,0,27,0,27,0,27,0,27,0,27,0,27,0,27,0,27,0,27,0,27,0,27,0,27,0,27,0,27,0,27,0,27,0,27,0,27,0,27,0,27,0,27,0,27,0,27,0,27,0,27,0,27,0,27,0,27,0,27,0,27,0,27,0,27,0,27,5,27,0,27,0,27,0,27,0,27,0,27,10,27,0,27,0,27,0,27,0,27,0,27,5,27,0,27,0,27,0,27,0,27,0,27,0,27,0,27,0,27,0,27,0,27,0,27,0,27,0,27,0,27,0,27,0,27,0,27,0,27,0,27,0,27,0,27,0,27,0,27,0,27,0,27,0,27,0,27,0,27,0,27,0,27,0,27,0,27,0,27,0,27,0,27,0,27,0,27,0,27,0,27,0,27,0,27,0,27,0,27,0,27,0,27,0,27,0,27,0,27,0,27,0,27,0,27,0,27,0,27,0,27,0,27,0,27,0,27,0,27,0,27,0,27,0,27,0,27,0,27,0,27,0,27,0,27,0,27,0,27,0,27,0,27,0,27,0,27,0,27,0,27,0,27,0,27,0,27,0,27,0,27,0,27,0,27,0,27,0,27,0,27,0,27,0,27,0,27,0,27,0,27,0,27,0,27,0,27,0,27,0,27,0,27,0,27,0,27,0,27,0,27,0,27,0,27,0,27,0,27,0,27,0,27,0,27,0,27,0,27,0,27,0,27,0,27,0,27,0,27,0,27,0,27,0,27,0,27,0,27,0,27,0,27,0,27,0,27,0,27,0,27,0,27,0,27,0,27,0,27,0,27,0,27,0,27,0,27,0,27,0,27,0,27,0,27,0,27,0,27,0,27,0,27,0,27,0,27,0,27,0,27,0,27,0,27,0,27,0,27,0,27,0,27,0,27,0,27,0,27,0,27,0,27,0,27,0,27,0,27,0,27,0,27,0,27,0,27,0,27,0,27,0,27,0,27,0,27,0,27,0,27,0,27,0,27,0,27,0,27,0,27,0,27,0,27,0,27,0,27,0,27,0,27,0,27,0,27,0,27,0,27,0,27,0,27,0,27,0,27,0,27,0,27,0,27,0,27,0,27,0,27,0,27,0,27,0,27,0,27,0,27,0,27,0,27,0,27,0,27,0,27,0,27,0,27,0,27,0,27,0,27,0,27,0,27,0,27,0,27,0,27,0,27,0
,,28,0,28,0,28,0,28,0,28,0,28,0,28,0,28,0,28,0,28,0,28,0,28,0,28,0,28,0,28,0,28,0,28,0,28,0,28,0,28,0,28,0,28,0,28,0,28,0,28,0,28,0,28,0,28,0,28,0,28,0,28,0,28,0,28,0,28,14,28,4,28,0,28,0,28,0,28,0,28,3,28,0,28,0,28,0,28,0,28,0,28,2,28,0,28,0,28,0,28,0,28,0,28,0,28,0,28,0,28,0,28,0,28,0,28,0,28,0,28,0,28,0,28,0,28,0,28,0,28,0,28,0,28,0,28,0,28,0,28,0,28,0,28,0,28,0,28,0,28,0,28,0,28,0,28,0,28,0,28,0,28,0,28,0,28,0,28,0,28,0,28,0,28,0,28,0,28,0,28,0,28,0,28,0,28,0,28,0,28,0,28,0,28,0,28,0,28,0,28,0,28,0,28,0,28,0,28,0,28,0,28,0,28,0,28,0,28,0,28,0,28,0,28,0,28,0,28,0,28,0,28,0,28,0,28,0,28,0,28,0,28,0,28,0,28,0,28,0,28,0,28,0,28,0,28,0,28,0,28,0,28,0,28,0,28,0,28,0,28,0,28,0,28,0,28,0,28,0,28,0,28,0,28,0,28,0,28,0,28,0,28,0,28,0,28,0,28,0,28,0,28,0,28,0,28,0,28,0,28,0,28,0,28,0,28,0,28,0,28,0,28,0,28,0,28,0,28,0,28,0,28,0,28,0,28,0,28,0,28,0,28,0,28,0,28,0,28,0,28,0,28,0,28,0,28,0,28,0,28,0,28,0,28,0,28,0,28,0,28,0,28,0,28,0,28,0,28,0,28,0,28,0,28,0,28,0,28,0,28,0,28,0,28,0,28,0,28,0,28,0,28,0,28,0,28,0,28,0,28,0,28,0,28,0,28,0,28,0,28,0,28,0,28,0,28,0,28,0,28,0,28,0,28,0,28,0,28,0,28,0,28,0,28,0,28,0,28,0,28,0,28,0,28,0,28,0,28,0,28,0,28,0,28,0,28,0,28,0,28,0,28,0,28,0,28,0,28,0,28,0,28,0,28,0,28,0,28,0,28,0,28,0,28,0,28,0,28,0,28,0,28,0,28,0,28,0,28,0,28,0,28,0,28,0,28,0,28,0,28,0,28,0,28,0
,,29,0,29,0,29,0,29,0,29,0,29,0,29,0,29,0,29,0,29,0,29,0,29,0,29,0,29,0,29,0,29,0,29,0,29,0,29,0,29,0,29,0,29,0,29,0,29,0,29,0,29,0,29,0,29,0,29,0,29,0,29,0,29,0,29,0,29,6,29,0,29,0,29,0,29,0,29,0,29,13,29,0,29,0,29,0,29,0,29,0,29,3,29,0,29,0,29,0,29,0,29,0,29,0,29,0,29,0,29,0,29,0,29,0,29,0,29,0,29,0,29,0,29,0,29,0,29,0,29,0,29,0,29,0,29,0,29,0,29,0,29,0,29,0,29,0,29,0,29,0,29,0,29,0,29,0,29,0,29,0,29,0,29,0,29,0,29,0,29,0,29,0,29,0,29,0,29,0,29,0,29,0,29,0,29,0,29,0,29,0,29,0,29,0,29,0,29,0,29,0,29,0,29,0,29,0,29,0,29,0,29,0,29,0,29,0,29,0,29,0,29,0,29,0,29,0,29,0,29,0,29,0,29,0,29,0,29,0,29,0,29,0,29,0,29,0,29,0,29,0,29,0,29,0,29,0,29,0,29,0,29,0,29,0,29,0,29,0,29,0,29,0,29,0,29,0,29,0,29,0,29,0,29,0,29,0,29,0,29,0,29,0,29,0,29,0,29,0,29,0,29,0,29,0,29,0,29,0,29,0,29,0,29,0,29,0,29,0,29,0,29,0,29,0,29,0,29,0,29,0,29,0,29,0,29,0,29,0,29,0,29,0,29,0,29,0,29,0,29,0,29,0,29,0,29,0,29,0,29,0,29,0,29,0,29,0,29,0,29,0,29,0,29,0,29,0,29,0,29,0,29,0,29,0,29,0,29,0,29,0,29,0,29,0,29,0,29,0,29,0,29,0,29,0,29,0,29,0,29,0,29,0,29,0,29,0,29,0,29,0,29,0,29,0,29,0,29,0,29,0,29,0,29,0,29,0,29,0,29,0,29,0,29,0,29,0,29,0,29,0,29,0,29,0,29,0,29,0,29,0,29,0,29,0,29,0,29,0,29,0,29,0,29,0,29,0,29,0,29,0,29,0,29,0,29,0,29,0,29,0,29,0,29,0,29,0,29,0,29,0,29,0,29,0,29,0,29,0,29,0,29,0,29,0,29,0,29,0,29,0,29,0,29,0
,,30,0,30,0,30,0,30,0,30,0,30,0,30,0,30,0,30,0,30,0,30,0,30,0,30,0,30,0,30,0,30,0,30,0,30,0,30,0,30,0,30,0,30,0,30,0,30,0,30,0,30,0,30,0,30,0,30,0,30,0,30,0,30,0,30,0,30,9,30,0,30,0,30,0,30,0,30,0,30,5,30,0,30,0,30,0,30,0,30,0,30,1,30,0,30,0,30,0,30,0,30,0,30,0,30,0,30,0,30,0,30,0,30,0,30,0,30,0,30,0,30,0,30,0,30,0,30,0,30,0,30,0,30,0,30,0,30,0,30,0,30,0,30,0,30,0,30,0,30,0,30,0,30,0,30,0,30,0,30,0,30,0,30,0,30,0,30,0,30,0,30,0,30,0,30,0,30,0,30,0,30,0,30,0,30,0,30,0,30,0,30,0,30,0,30,0,30,0,30,0,30,0,30,0,30,0,30,0,30,0,30,0,30,0,30,0,30,0,30,0,30,0,30,0,30,0,30,0,30,0,30,0,30,0,30,0,30,0,30,0,30,0,30,0,30,0,30,0,30,0,30,0,30,0,30,0,30,0,30,0,30,0,30,0,30,0,30,0,30,0,30,0,30,0,30,0,30,0,30,0,30,0,30,0,30,0,30,0,30,0,30,0,30,0,30,0,30,0,30,0,30,0,30,0,30,0,30,0,30,0,30,0,30,0,30,0,30,0,30,0,30,0,30,0,30,0,30,0,30,0,30,0,30,0,30,0,30,0,30,0,30,0,30,0,30,0,30,0,30,0,30,0,30,0,30,0,30,0,30,0,30,0,30,0,30,0,30,0,30,0,30,0,30,0,30,0,30,0,30,0,30,0,30,0,30,0,30,0,30,0,30,0,30,0,30,0,30,0,30,0,30,0,30,0,30,0,30,0,30,0,30,0,30,0,30,0,30,0,30,0,30,0,30,0,30,0,30,0,30,0,30,0,30,0,30,0,30,0,30,0,30,0,30,0,30,0,30,0,30,0,30,0,30,0,30,0,30,0,30,0,30,0,30,0,30,0,30,0,30,0,30,0,30,0,30,0,30,0,30,0,30,0,30,0,30,0,30,0,30,0,30,0,30,0,30,0,30,0,30,0,30,0,30,0,30,0,30,0,30,0,30,0,30,0,30,0,30,0,30,0,30,0,30,0
,,31,0,31,0,31,0,31,0,31,0,31,0,31,0,31,0,31,0,31,0,31,0,31,0,31,0,31,0,31,0,31,0,31,0,31,0,31,0,31,0,31,0,31,0,31,0,31,0,31,0,31,0,31,0,31,0,31,0,31,0,31,0,31,0,31,0,31,10,31,0,31,0,31,0,31,0,31,0,31,6,31,0,31,0,31,0,31,0,31,0,31,3,31,0,31,0,31,0,31,0,31,0,31,0,31,0,31,0,31,0,31,0,31,0,31,0,31,0,31,0,31,0,31,0,31,0,31,0,31,0,31,0,31,0,31,0,31,0,31,0,31,0,31,0,31,0,31,0,31,0,31,0,31,0,31,0,31,0,31,0,31,0,31,0,31,0,31,0,31,0,31,0,31,0,31,0,31,0,31,0,31,0,31,0,31,0,31,0,31,0,31,0,31,0,31,0,31,0,31,0,31,0,31,0,31,0,31,0,31,0,31,0,31,0,31,0,31,0,31,0,31,0,31,0,31,0,31,0,31,0,31,0,31,0,31,0,31,0,31,0,31,0,31,0,31,0,31,0,31,0,31,0,31,0,31,0,31,0,31,0,31,0,31,0,31,0,31,0,31,0,31,0,31,0,31,0,31,0,31,0,31,0,31,0,31,0,31,0,31,0,31,0,31,0,31,0,31,0,31,0,31,0,31,0,31,0,31,0,31,0,31,0,31,0,31,0,31,0,31,0,31,0,31,0,31,0,31,0,31,0,31,0,31,0,31,0,31,0,31,0,31,0,31,0,31,0,31,0,31,0,31,0,31,0,31,0,31,0,31,0,31,0,31,0,31,0,31,0,31,0,31,0,31,0,31,0,31,0,31,0,31,0,31,0,31,0,31,0,31,0,31,0,31,0,31,0,31,0,31,0,31,0,31,0,31,0,31,0,31,0,31,0,31,0,31,0,31,0,31,0,31,0,31,0,31,0,31,0,31,0,31,0,31,0,31,0,31,0,31,0,31,0,31,0,31,0,31,0,31,0,31,0,31,0,31,0,31,0,31,0,31,0,31,0,31,0,31,0,31,0,31,0,31,0,31,0,31,0,31,0,31,0,31,0,31,0,31,0,31,0,31,0,31,0,31,0,31,0,31,0,31,0,31,0,31,0,31,0,31,0,31,0,31,0,31,0,31,0,31,0,31,0,31,0
,,32,0,32,0,32,0,32,0,32,0,32,0,32,0,32,0,32,0,32,0,32,0,32,0,32,0,32,0,32,0,32,0,32,0,32,0,32,0,32,0,32,0,32,0,32,0,32,0,32,0,32,0,32,0,32,0,32,0,32,0,32,0,32,0,32,0,32,3,32,0,32,0,32,0,32,0,32,0,32,16,32,0,32,0,32,0,32,0,32,0,32,5,32,0,32,0,32,0,32,0,32,0,32,0,32,0,32,0,32,0,32,0,32,0,32,0,32,0,32,0,32,0,32,0,32,0,32,0,32,0,32,0,32,0,32,0,32,0,32,0,32,0,32,0,32,0,32,0,32,0,32,0,32,0,32,0,32,0,32,0,32,0,32,0,32,0,32,0,32,0,32,0,32,0,32,0,32,0,32,0,32,0,32,0,32,0,32,0,32,0,32,0,32,0,32,0,32,0,32,0,32,0,32,0,32,0,32,0,32,0,32,0,32,0,32,0,32,0,32,0,32,0,32,0,32,0,32,0,32,0,32,0,32,0,32,0,32,0,32,0,32,0,32,0,32,0,32,0,32,0,32,0,32,0,32,0,32,0,32,0,32,0,32,0,32,0,32,0,32,0,32,0,32,0,32,0,32,0,32,0,32,0,32,0,32,0,32,0,32,0,32,0,32,0,32,0,32,0,32,0,32,0,32,0,32,0,32,0,32,0,32,0,32,0,32,0,32,0,32,0,32,0,32,0,32,0,32,0,32,0,32,0,32,0,32,0,32,0,32,0,32,0,32,0,32,0,32,0,32,0,32,0,32,0,32,0,32,0,32,0,32,0,32,0,32,0,32,0,32,0,32,0,32,0,32,0,32,0,32,0,32,0,32,0,32,0,32,0,32,0,32,0,32,0,32,0,32,0,32,0,32,0,32,0,32,0,32,0,32,0,32,0,32,0,32,0,32,0,32,0,32,0,32,0,32,0,32,0,32,0,32,0,32,0,32,0,32,0,32,0,32,0,32,0,32,0,32,0,32,0,32,0,32,0,32,0,32,0,32,0,32,0,32,0,32,0,32,0,32,0,32,0,32,0,32,0,32,0,32,0,32,0,32,0,32,0,32,0,32,0,32,0,32,0,32,0,32,0,32,0,32,0,32,0,32,0,32,0,32,0,32,0,32,0,32,0,32,0,32,0,32,0,32,0
,,33,0,33,0,33,0,33,0,33,0,33,0,33,0,33,0,33,0,33,0,33,0,33,0,33,0,33,0,33,0,33,0,33,0,33,0,33,0,33,0,33,0,33,0,33,0,33,0,33,0,33,0,33,0,33,0,33,0,33,0,33,0,33,0,33,0,33,17,33,6,33,0,33,0,33,0,33,0,33,6,33,0,33,0,33,0,33,0,33,0,33,0,33,0,33,0,33,0,33,0,33,0,33,0,33,0,33,0,33,0,33,0,33,0,33,0,33,0,33,0,33,0,33,0,33,0,33,0,33,0,33,0,33,0,33,0,33,0,33,0,33,0,33,0,33,0,33,0,33,0,33,0,33,0,33,0,33,0,33,0,33,0,33,0,33,0,33,0,33,0,33,0,33,0,33,0,33,0,33,0,33,0,33,0,33,0,33,0,33,0,33,0,33,0,33,0,33,0,33,0,33,0,33,0,33,0,33,0,33,0,33,0,33,0,33,0,33,0,33,0,33,0,33,0,33,0,33,0,33,0,33,0,33,0,33,0,33,0,33,0,33,0,33,0,33,0,33,0,33,0,33,0,33,0,33,0,33,0,33,0,33,0,33,0,33,0,33,0,33,0,33,0,33,0,33,0,33,0,33,0,33,0,33,0,33,0,33,0,33,0,33,0,33,0,33,0,33,0,33,0,33,0,33,0,33,0,33,0,33,0,33,0,33,0,33,0,33,0,33,0,33,0,33,0,33,0,33,0,33,0,33,0,33,0,33,0,33,0,33,0,33,0,33,0,33,0,33,0,33,0,33,0,33,0,33,0,33,0,33,0,33,0,33,0,33,0,33,0,33,0,33,0,33,0,33,0,33,0,33,0,33,0,33,0,33,0,33,0,33,0,33,0,33,0,33,0,33,0,33,0,33,0,33,0,33,0,33,0,33,0,33,0,33,0,33,0,33,0,33,0,33,0,33,0,33,0,33,0,33,0,33,0,33,0,33,0,33,0,33,0,33,0,33,0,33,0,33,0,33,0,33,0,33,0,33,0,33,0,33,0,33,0,33,0,33,0,33,0,33,0,33,0,33,0,33,0,33,0,33,0,33,0,33,0,33,0,33,0,33,0,33,0,33,0,33,0,33,0,33,0,33,0,33,0,33,0,33,0,33,0,33,0,33,0,33,0,33,0,33,0,33,0,33,0
,,34,0,34,0,34,0,34,0,34,0,34,0,34,0,34,0,34,0,34,0,34,0,34,0,34,0,34,0,34,0,34,0,34,0,34,0,34,0,34,0,34,0,34,0,34,0,34,0,34,0,34,0,34,0,34,0,34,0,34,0,34,0,34,0,34,0,34,8,34,0,34,0,34,0,34,0,34,0,34,23,34,0,34,0,34,0,34,0,34,0,34,5,34,0,34,0,34,0,34,0,34,0,34,0,34,0,34,0,34,0,34,0,34,0,34,0,34,0,34,0,34,0,34,0,34,0,34,0,34,0,34,0,34,0,34,0,34,0,34,0,34,0,34,0,34,0,34,0,34,0,34,0,34,0,34,0,34,0,34,0,34,0,34,0,34,0,34,0,34,0,34,0,34,0,34,0,34,0,34,0,34,0,34,0,34,0,34,0,34,0,34,0,34,0,34,0,34,0,34,0,34,0,34,0,34,0,34,0,34,0,34,0,34,0,34,0,34,0,34,0,34,0,34,0,34,0,34,0,34,0,34,0,34,0,34,0,34,0,34,0,34,0,34,0,34,0,34,0,34,0,34,0,34,0,34,0,34,0,34,0,34,0,34,0,34,0,34,0,34,0,34,0,34,0,34,0,34,0,34,0,34,0,34,0,34,0,34,0,34,0,34,0,34,0,34,0,34,0,34,0,34,0,34,0,34,0,34,0,34,0,34,0,34,0,34,0,34,0,34,0,34,0,34,0,34,0,34,0,34,0,34,0,34,0,34,0,34,0,34,0,34,0,34,0,34,0,34,0,34,0,34,0,34,0,34,0,34,0,34,0,34,0,34,0,34,0,34,0,34,0,34,0,34,0,34,0,34,0,34,0,34,0,34,0,34,0,34,0,34,0,34,0,34,0,34,0,34,0,34,0,34,0,34,0,34,0,34,0,34,0,34,0,34,0,34,0,34,0,34,0,34,0,34,0,34,0,34,0,34,0,34,0,34,0,34,0,34,0,34,0,34,0,34,0,34,0,34,0,34,0,34,0,34,0,34,0,34,0,34,0,34,0,34,0,34,0,34,0,34,0,34,0,34,0,34,0,34,0,34,0,34,0,34,0,34,0,34,0,34,0,34,0,34,0,34,0,34,0,34,0,34,0,34,0,34,0,34,0,34,0,34,0,34,0,34,0,34,0,34,0,34,0,34,0
,,35,0,35,0,35,0,35,0,35,0,35,0,35,0,35,0,35,0,35,0,35,0,35,0,35,0,35,0,35,0,35,0,35,0,35,0,35,0,35,0,35,0,35,0,35,0,35,0,35,0,35,0,35,0,35,0,35,0,35,0,35,0,35,0,35,0,35,7,35,0,35,0,35,0,35,0,35,0,35,11,35,0,35,0,35,0,35,0,35,0,35,2,35,0,35,0,35,0,35,0,35,0,35,0,35,0,35,0,35,0,35,0,35,0,35,0,35,0,35,0,35,0,35,0,35,0,35,0,35,0,35,0,35,0,35,0,35,0,35,0,35,0,35,0,35,0,35,0,35,0,35,0,35,0,35,0,35,0,35,0,35,0,35,0,35,0,35,0,35,0,35,0,35,0,35,0,35,0,35,0,35,0,35,0,35,0,35,0,35,0,35,0,35,0,35,0,35,0,35,0,35,0,35,0,35,0,35,0,35,0,35,0,35,0,35,0,35,0,35,0,35,0,35,0,35,0,35,0,35,0,35,0,35,0,35,0,35,0,35,0,35,0,35,0,35,0,35,0,35,0,35,0,35,0,35,0,35,0,35,0,35,0,35,0,35,0,35,0,35,0,35,0,35,0,35,0,35,0,35,0,35,0,35,0,35,0,35,0,35,0,35,0,35,0,35,0,35,0,35,0,35,0,35,0,35,0,35,0,35,0,35,0,35,0,35,0,35,0,35,0,35,0,35,0,35,0,35,0,35,0,35,0,35,0,35,0,35,0,35,0,35,0,35,0,35,0,35,0,35,0,35,0,35,0,35,0,35,0,35,0,35,0,35,0,35,0,35,0,35,0,35,0,35,0,35,0,35,0,35,0,35,0,35,0,35,0,35,0,35,0,35,0,35,0,35,0,35,0,35,0,35,0,35,0,35,0,35,0,35,0,35,0,35,0,35,0,35,0,35,0,35,0,35,0,35,0,35,0,35,0,35,0,35,0,35,0,35,0,35,0,35,0,35,0,35,0,35,0,35,0,35,0,35,0,35,0,35,0,35,0,35,0,35,0,35,0,35,0,35,0,35,0,35,0,35,0,35,0,35,0,35,0,35,0,35,0,35,0,35,0,35,0,35,0,35,0,35,0,35,0,35,0,35,0,35,0,35,0,35,0,35,0,35,0,35,0,35,0,35,0,35,0,35,0
,,36,0,36,0,36,0,36,0,36,0,36,0,36,0,36,0,36,0,36,0,36,0,36,0,36,0,36,0,36,0,36,0,36,0,36,0,36,0,36,0,36,0,36,0,36,0,36,0,36,0,36,0,36,0,36,0,36,0,36,0,36,0,36,0,36,0,36,8,36,3,36,0,36,0,36,0,36,0,36,7,36,0,36,0,36,0,36,0,36,0,36,0,36,0,36,0,36,0,36,0,36,0,36,0,36,0,36,0,36,0,36,0,36,0,36,0,36,0,36,0,36,0,36,0,36,0,36,0,36,0,36,0,36,0,36,0,36,0,36,0,36,0,36,0,36,0,36,0,36,0,36,0,36,0,36,0,36,0,36,0,36,0,36,0,36,0,36,0,36,0,36,0,36,0,36,0,36,0,36,0,36,0,36,0,36,0,36,0,36,0,36,0,36,0,36,0,36,0,36,0,36,0,36,0,36,0,36,0,36,0,36,0,36,0,36,0,36,0,36,0,36,0,36,0,36,0,36,0,36,0,36,0,36,0,36,0,36,0,36,0,36,0,36,0,36,0,36,0,36,0,36,0,36,0,36,0,36,0,36,0,36,0,36,0,36,0,36,0,36,0,36,0,36,0,36,0,36,0,36,0,36,0,36,0,36,0,36,0,36,0,36,0,36,0,36,0,36,0,36,0,36,0,36,0,36,0,36,0,36,0,36,0,36,0,36,0,36,0,36,0,36,0,36,0,36,0,36,0,36,0,36,0,36,0,36,0,36,0,36,0,36,0,36,0,36,0,36,0,36,0,36,0,36,0,36,0,36,0,36,0,36,0,36,0,36,0,36,0,36,0,36,0,36,0,36,0,36,0,36,0,36,0,36,0,36,0,36,0,36,0,36,0,36,0,36,0,36,0,36,0,36,0,36,0,36,0,36,0,36,0,36,0,36,0,36,0,36,0,36,0,36,0,36,0,36,0,36,0,36,0,36,0,36,0,36,0,36,0,36,0,36,0,36,0,36,0,36,0,36,0,36,0,36,0,36,0,36,0,36,0,36,0,36,0,36,0,36,0,36,0,36,0,36,0,36,0,36,0,36,0,36,0,36,0,36,0,36,0,36,0,36,0,36,0,36,0,36,0,36,0,36,0,36,0,36,0,36,0,36,0,36,0,36,0,36,0,36,0,36,0,36,0,36,0
,,37,0,37,0,37,0,37,1,37,0,37,0,37,0,37,0,37,0,37,0,37,0,37,0,37,0,37,0,37,0,37,0,37,0,37,0,37,0,37,0,37,0,37,0,37,0,37,0,37,0,37,0,37,0,37,0,37,0,37,0,37,0,37,0,37,0,37,11,37,0,37,0,37,0,37,0,37,2,37,18,37,0,37,0,37,0,37,0,37,0,37,0,37,0,37,0,37,0,37,0,37,0,37,0,37,0,37,0,37,0,37,0,37,0,37,0,37,0,37,0,37,0,37,0,37,0,37,0,37,0,37,0,37,0,37,0,37,0,37,0,37,0,37,0,37,0,37,0,37,0,37,0,37,0,37,0,37,0,37,0,37,0,37,0,37,0,37,0,37,0,37,0,37,0,37,0,37,0,37,0,37,0,37,0,37,0,37,0,37,0,37,0,37,0,37,0,37,0,37,0,37,0,37,0,37,0,37,0,37,0,37,0,37,0,37,0,37,0,37,0,37,0,37,0,37,0,37,0,37,0,37,0,37,0,37,0,37,0,37,0,37,0,37,0,37,0,37,0,37,0,37,0,37,0,37,0,37,0,37,0,37,0,37,0,37,0,37,0,37,0,37,0,37,0,37,0,37,0,37,0,37,0,37,0,37,0,37,0,37,0,37,0,37,0,37,0,37,0,37,0,37,0,37,0,37,0,37,0,37,0,37,0,37,0,37,0,37,0,37,0,37,0,37,0,37,0,37,0,37,0,37,0,37,0,37,0,37,0,37,0,37,0,37,0,37,0,37,0,37,0,37,0,37,0,37,0,37,0,37,0,37,0,37,0,37,0,37,0,37,0,37,0,37,0,37,0,37,0,37,0,37,0,37,0,37,0,37,0,37,0,37,0,37,0,37,0,37,0,37,0,37,0,37,0,37,0,37,0,37,0,37,0,37,0,37,0,37,0,37,0,37,0,37,0,37,0,37,0,37,0,37,0,37,0,37,0,37,0,37,0,37,0,37,0,37,0,37,0,37,0,37,0,37,0,37,0,37,0,37,0,37,0,37,0,37,0,37,0,37,0,37,0,37,0,37,0,37,0,37,0,37,0,37,0,37,0,37,0,37,0,37,0,37,0,37,0,37,0,37,0,37,0,37,0,37,0,37,0,37,0,37,0,37,0,37,0,37,0,37,0,37,0,37,0
,,38,0,38,0,38,0,38,0,38,0,38,0,38,0,38,0,38,0,38,0,38,0,38,0,38,0,38,0,38,0,38,0,38,0,38,0,38,0,38,0,38,0,38,0,38,0,38,0,38,0,38,0,38,0,38,0,38,0,38,0,38,0,38,0,38,0,38,6,38,1,38,0,38,0,38,0,38,0,38,13,38,0,38,0,38,0,38,0,38,0,38,0,38,0,38,0,38,0,38,0,38,0,38,0,38,0,38,0,38,0,38,0,38,0,38,0,38,0,38,0,38,0,38,0,38,0,38,0,38,0,38,0,38,0,38,0,38,0,38,0,38,0,38,0,38,0,38,0,38,0,38,0,38,0,38,0,38,0,38,0,38,0,38,0,38,0,38,0,38,0,38,0,38,0,38,0,38,0,38,0,38,0,38,0,38,0,38,0,38,0,38,0,38,0,38,0,38,0,38,0,38,0,38,0,38,0,38,0,38,0,38,0,38,0,38,0,38,0,38,0,38,0,38,0,38,0,38,0,38,0,38,0,38,0,38,0,38,0,38,0,38,0,38,0,38,0,38,0,38,0,38,0,38,0,38,0,38,0,38,0,38,0,38,0,38,0,38,0,38,0,38,0,38,0,38,0,38,0,38,0,38,0,38,0,38,0,38,0,38,0,38,0,38,0,38,0,38,0,38,0,38,0,38,0,38,0,38,0,38,0,38,0,38,0,38,0,38,0,38,0,38,0,38,0,38,0,38,0,38,0,38,0,38,0,38,0,38,0,38,0,38,0,38,0,38,0,38,0,38,0,38,0,38,0,38,0,38,0,38,0,38,0,38,0,38,0,38,0,38,0,38,0,38,0,38,0,38,0,38,0,38,0,38,0,38,0,38,0,38,0,38,0,38,0,38,0,38,0,38,0,38,0,38,0,38,0,38,0,38,0,38,0,38,0,38,0,38,0,38,0,38,0,38,0,38,0,38,0,38,0,38,0,38,0,38,0,38,0,38,0,38,0,38,0,38,0,38,0,38,0,38,0,38,0,38,0,38,0,38,0,38,0,38,0,38,0,38,0,38,0,38,0,38,0,38,0,38,0,38,0,38,0,38,0,38,0,38,0,38,0,38,0,38,0,38,0,38,0,38,0,38,0,38,0,38,0,38,0,38,0,38,0,38,0,38,0,38,0,38,0,38,0,38,0
,,39,0,39,0,39,0,39,0,39,0,39,0,39,0,39,0,39,0,39,0,39,0,39,0,39,0,39,0,39,0,39,0,39,0,39,0,39,0,39,0,39,0,39,0,39,0,39,0,39,0,39,0,39,0,39,0,39,0,39,0,39,0,39,0,39,0,39,0,39,0,39,0,39,0,39,0,39,2,39,5,39,3,39,0,39,0,39,0,39,0,39,0,39,0,39,0,39,0,39,0,39,0,39,0,39,0,39,0,39,0,39,0,39,0,39,0,39,0,39,0,39,0,39,0,39,0,39,0,39,0,39,0,39,0,39,0,39,0,39,0,39,0,39,0,39,0,39,0,39,0,39,0,39,0,39,0,39,0,39,0,39,0,39,0,39,0,39,0,39,0,39,0,39,0,39,0,39,0,39,0,39,0,39,0,39,0,39,0,39,0,39,0,39,0,39,0,39,0,39,0,39,0,39,0,39,0,39,0,39,0,39,0,39,0,39,0,39,0,39,0,39,0,39,0,39,0,39,0,39,0,39,0,39,0,39,0,39,0,39,0,39,0,39,0,39,0,39,0,39,0,39,0,39,0,39,0,39,0,39,0,39,0,39,0,39,0,39,0,39,0,39,0,39,0,39,0,39,0,39,0,39,0,39,0,39,0,39,0,39,0,39,0,39,0,39,0,39,0,39,0,39,0,39,0,39,0,39,0,39,0,39,0,39,0,39,0,39,0,39,0,39,0,39,0,39,0,39,0,39,0,39,0,39,0,39,0,39,0,39,0,39,0,39,0,39,0,39,0,39,0,39,0,39,0,39,0,39,0,39,0,39,0,39,0,39,0,39,0,39,0,39,0,39,0,39,0,39,0,39,0,39,0,39,0,39,0,39,0,39,0,39,0,39,0,39,0,39,0,39,0,39,0,39,0,39,0,39,0,39,0,39,0,39,0,39,0,39,0,39,0,39,0,39,0,39,0,39,0,39,0,39,0,39,0,39,0,39,0,39,0,39,0,39,0,39,0,39,0,39,0,39,0,39,0,39,0,39,0,39,0,39,0,39,0,39,0,39,0,39,0,39,0,39,0,39,0,39,0,39,0,39,0,39,0,39,0,39,0,39,0,39,0,39,0,39,0,39,0,39,0,39,0,39,0,39,0,39,0,39,0,39,0,39,0,39,0,39,0,39,0,39,0,39,0
,,40,0,40,0,40,0,40,0,40,0,40,0,40,0,40,0,40,0,40,0,40,0,40,0,40,0,40,0,40,0,40,0,40,0,40,0,40,0,40,0,40,0,40,0,40,0,40,0,40,0,40,0,40,0,40,0,40,0,40,0,40,0,40,0,40,0,40,0,40,0,40,0,40,0,40,0,40,1,40,1,40,13,40,0,40,0,40,0,40,0,40,0,40,0,40,0,40,0,40,0,40,0,40,0,40,0,40,0,40,0,40,0,40,0,40,0,40,0,40,0,40,0,40,0,40,0,40,0,40,0,40,0,40,0,40,0,40,0,40,0,40,0,40,0,40,0,40,0,40,0,40,0,40,0,40,0,40,0,40,0,40,0,40,0,40,0,40,0,40,0,40,0,40,0,40,0,40,0,40,0,40,0,40,0,40,0,40,0,40,0,40,0,40,0,40,0,40,0,40,0,40,0,40,0,40,0,40,0,40,0,40,0,40,0,40,0,40,0,40,0,40,0,40,0,40,0,40,0,40,0,40,0,40,0,40,0,40,0,40,0,40,0,40,0,40,0,40,0,40,0,40,0,40,0,40,0,40,0,40,0,40,0,40,0,40,0,40,0,40,0,40,0,40,0,40,0,40,0,40,0,40,0,40,0,40,0,40,0,40,0,40,0,40,0,40,0,40,0,40,0,40,0,40,0,40,0,40,0,40,0,40,0,40,0,40,0,40,0,40,0,40,0,40,0,40,0,40,0,40,0,40,0,40,0,40,0,40,0,40,0,40,0,40,0,40,0,40,0,40,0,40,0,40,0,40,0,40,0,40,0,40,0,40,0,40,0,40,0,40,0,40,0,40,0,40,0,40,0,40,0,40,0,40,0,40,0,40,0,40,0,40,0,40,0,40,0,40,0,40,0,40,0,40,0,40,0,40,0,40,0,40,0,40,0,40,0,40,0,40,0,40,0,40,0,40,0,40,0,40,0,40,0,40,0,40,0,40,0,40,0,40,0,40,0,40,0,40,0,40,0,40,0,40,0,40,0,40,0,40,0,40,0,40,0,40,0,40,0,40,0,40,0,40,0,40,0,40,0,40,0,40,0,40,0,40,0,40,0,40,0,40,0,40,0,40,0,40,0,40,0,40,0,40,0,40,0,40,0,40,0,40,0,40,0,40,0,40,0,40,0,40,0,40,0
,,41,0,41,0,41,0,41,0,41,0,41,0,41,0,41,0,41,0,41,0,41,0,41,0,41,0,41,0,41,0,41,0,41,0,41,0,41,0,41,0,41,0,41,0,41,0,41,0,41,0,41,0,41,0,41,0,41,0,41,0,41,0,41,0,41,0,41,0,41,0,41,0,41,0,41,0,41,0,41,1,41,13,41,0,41,0,41,0,41,0,41,0,41,0,41,0,41,0,41,0,41,0,41,0,41,0,41,0,41,0,41,0,41,0,41,0,41,0,41,0,41,0,41,0,41,0,41,0,41,0,41,0,41,0,41,0,41,0,41,0,41,0,41,0,41,0,41,0,41,0,41,0,41,0,41,0,41,0,41,0,41,0,41,0,41,0,41,0,41,0,41,0,41,0,41,0,41,0,41,0,41,0,41,0,41,0,41,0,41,0,41,0,41,0,41,0,41,0,41,0,41,0,41,0,41,0,41,0,41,0,41,0,41,0,41,0,41,0,41,0,41,0,41,0,41,0,41,0,41,0,41,0,41,0,41,0,41,0,41,0,41,0,41,0,41,0,41,0,41,0,41,0,41,0,41,0,41,0,41,0,41,0,41,0,41,0,41,0,41,0,41,0,41,0,41,0,41,0,41,0,41,0,41,0,41,0,41,0,41,0,41,0,41,0,41,0,41,0,41,0,41,0,41,0,41,0,41,0,41,0,41,0,41,0,41,0,41,0,41,0,41,0,41,0,41,0,41,0,41,0,41,0,41,0,41,0,41,0,41,0,41,0,41,0,41,0,41,0,41,0,41,0,41,0,41,0,41,0,41,0,41,0,41,0,41,0,41,0,41,0,41,0,41,0,41,0,41,0,41,0,41,0,41,0,41,0,41,0,41,0,41,0,41,0,41,0,41,0,41,0,41,0,41,0,41,0,41,0,41,0,41,0,41,0,41,0,41,0,41,0,41,0,41,0,41,0,41,0,41,0,41,0,41,0,41,0,41,0,41,0,41,0,41,0,41,0,41,0,41,0,41,0,41,0,41,0,41,0,41,0,41,0,41,0,41,0,41,0,41,0,41,0,41,0,41,0,41,0,41,0,41,0,41,0,41,0,41,0,41,0,41,0,41,0,41,0,41,0,41,0,41,0,41,0,41,0,41,0,41,0,41,0,41,0,41,0,41,0,41,0,41,0,41,0
,,42,0,42,0,42,0,42,0,42,0,42,0,42,0,42,0,42,0,42,0,42,0,42,0,42,0,42,0,42,0,42,0,42,0,42,0,42,0,42,0,42,0,42,0,42,0,42,0,42,0,42,0,42,0,42,0,42,0,42,0,42,0,42,0,42,0,42,0,42,0,42,0,42,0,42,0,42,0,42,0,42,2,42,0,42,0,42,0,42,0,42,0,42,0,42,0,42,0,42,0,42,0,42,0,42,0,42,0,42,0,42,0,42,0,42,0,42,0,42,0,42,0,42,0,42,0,42,0,42,0,42,0,42,0,42,0,42,0,42,0,42,0,42,0,42,0,42,0,42,0,42,0,42,0,42,0,42,0,42,0,42,0,42,0,42,0,42,0,42,0,42,0,42,0,42,0,42,0,42,0,42,0,42,0,42,0,42,0,42,0,42,0,42,0,42,0,42,0,42,0,42,0,42,0,42,0,42,0,42,0,42,0,42,0,42,0,42,0,42,0,42,0,42,0,42,0,42,0,42,0,42,0,42,0,42,0,42,0,42,0,42,0,42,0,42,0,42,0,42,0,42,0,42,0,42,0,42,0,42,0,42,0,42,0,42,0,42,0,42,0,42,0,42,0,42,0,42,0,42,0,42,0,42,0,42,0,42,0,42,0,42,0,42,0,42,0,42,0,42,0,42,0,42,0,42,0,42,0,42,0,42,0,42,0,42,0,42,0,42,0,42,0,42,0,42,0,42,0,42,0,42,0,42,0,42,0,42,0,42,0,42,0,42,0,42,0,42,0,42,0,42,0,42,0,42,0,42,0,42,0,42,0,42,0,42,0,42,0,42,0,42,0,42,0,42,0,42,0,42,0,42,0,42,0,42,0,42,0,42,0,42,0,42,0,42,0,42,0,42,0,42,0,42,0,42,0,42,0,42,0,42,0,42,0,42,0,42,0,42,0,42,0,42,0,42,0,42,0,42,0,42,0,42,0,42,0,42,0,42,0,42,0,42,0,42,0,42,0,42,0,42,0,42,0,42,0,42,0,42,0,42,0,42,0,42,0,42,0,42,0,42,0,42,0,42,0,42,0,42,0,42,0,42,0,42,0,42,0,42,0,42,0,42,0,42,0,42,0,42,0,42,0,42,0,42,0,42,0,42,0,42,0,42,0,42,0,42,0,42,0,42,0,42,0
,,43,0,43,0,43,0,43,0,43,0,43,0,43,0,43,0,43,0,43,0,43,0,43,0,43,0,43,0,43,0,43,0,43,0,43,0,43,0,43,0,43,0,43,0,43,0,43,0,43,0,43,0,43,0,43,0,43,0,43,0,43,0,43,0,43,0,43,0,43,0,43,0,43,0,43,0,43,0,43,0,43,6,43,0,43,0,43,0,43,0,43,0,43,0,43,0,43,0,43,0,43,0,43,0,43,0,43,0,43,0,43,0,43,0,43,0,43,0,43,2,43,0,43,0,43,0,43,0,43,0,43,0,43,0,43,0,43,0,43,0,43,0,43,0,43,0,43,0,43,0,43,0,43,0,43,0,43,0,43,0,43,0,43,0,43,0,43,0,43,0,43,0,43,0,43,0,43,0,43,0,43,0,43,0,43,0,43,0,43,0,43,0,43,0,43,0,43,0,43,0,43,0,43,0,43,0,43,0,43,0,43,0,43,0,43,0,43,0,43,0,43,0,43,0,43,0,43,0,43,0,43,0,43,0,43,0,43,0,43,0,43,0,43,0,43,0,43,0,43,0,43,0,43,0,43,0,43,0,43,0,43,0,43,0,43,0,43,0,43,0,43,0,43,0,43,0,43,0,43,0,43,0,43,0,43,0,43,0,43,0,43,0,43,0,43,0,43,0,43,0,43,0,43,0,43,0,43,0,43,0,43,0,43,0,43,0,43,0,43,0,43,0,43,0,43,0,43,0,43,0,43,0,43,0,43,0,43,0,43,0,43,0,43,0,43,0,43,0,43,0,43,0,43,0,43,0,43,0,43,0,43,0,43,0,43,0,43,0,43,0,43,0,43,0,43,0,43,0,43,0,43,0,43,0,43,0,43,0,43,0,43,0,43,0,43,0,43,0,43,0,43,0,43,0,43,0,43,0,43,0,43,0,43,0,43,0,43,0,43,0,43,0,43,0,43,0,43,0,43,0,43,0,43,0,43,0,43,0,43,0,43,0,43,0,43,0,43,0,43,0,43,0,43,0,43,0,43,0,43,0,43,0,43,0,43,0,43,0,43,0,43,0,43,0,43,0,43,0,43,0,43,0,43,0,43,0,43,0,43,0,43,0,43,0,43,0,43,0,43,0,43,0,43,0,43,0,43,0,43,0,43,0,43,0,43,0,43,0,43,0,43,0,43,0
,,44,0,44,0,44,0,44,0,44,0,44,0,44,0,44,0,44,0,44,0,44,0,44,0,44,0,44,0,44,0,44,0,44,0,44,0,44,0,44,0,44,0,44,0,44,0,44,0,44,0,44,0,44,0,44,0,44,0,44,0,44,0,44,0,44,0,44,0,44,0,44,0,44,0,44,0,44,0,44,0,44,0,44,0,44,0,44,0,44,0,44,0,44,0,44,0,44,0,44,0,44,0,44,0,44,0,44,0,44,0,44,0,44,0,44,0,44,0,44,5,44,0,44,0,44,0,44,0,44,0,44,0,44,0,44,0,44,0,44,0,44,0,44,0,44,0,44,0,44,0,44,0,44,0,44,0,44,0,44,0,44,0,44,0,44,0,44,0,44,0,44,0,44,0,44,0,44,0,44,0,44,0,44,0,44,0,44,0,44,0,44,0,44,0,44,0,44,0,44,0,44,0,44,0,44,0,44,0,44,0,44,0,44,0,44,0,44,0,44,0,44,0,44,0,44,0,44,0,44,0,44,0,44,0,44,0,44,0,44,0,44,0,44,0,44,0,44,0,44,0,44,0,44,0,44,0,44,0,44,0,44,0,44,0,44,0,44,0,44,0,44,0,44,0,44,0,44,0,44,0,44,0,44,0,44,0,44,0,44,0,44,0,44,0,44,0,44,0,44,0,44,0,44,0,44,0,44,0,44,0,44,0,44,0,44,0,44,0,44,0,44,0,44,0,44,0,44,0,44,0,44,0,44,0,44,0,44,0,44,0,44,0,44,0,44,0,44,0,44,0,44,0,44,0,44,0,44,0,44,0,44,0,44,0,44,0,44,0,44,0,44,0,44,0,44,0,44,0,44,0,44,0,44,0,44,0,44,0,44,0,44,0,44,0,44,0,44,0,44,0,44,0,44,0,44,0,44,0,44,0,44,0,44,0,44,0,44,0,44,0,44,0,44,0,44,0,44,0,44,0,44,0,44,0,44,0,44,0,44,0,44,0,44,0,44,0,44,0,44,0,44,0,44,0,44,0,44,0,44,0,44,0,44,0,44,0,44,0,44,0,44,0,44,0,44,0,44,0,44,0,44,0,44,0,44,0,44,0,44,0,44,0,44,0,44,0,44,0,44,0,44,0,44,0,44,0,44,0,44,0,44,0,44,0,44,0,44,0,44,0,44,0,44,0
,,45,0,45,0,45,0,45,0,45,0,45,0,45,0,45,0,45,0,45,0,45,0,45,0,45,0,45,0,45,0,45,0,45,0,45,0,45,0,45,0,45,0,45,0,45,0,45,0,45,0,45,0,45,0,45,0,45,0,45,0,45,0,45,0,45,0,45,0,45,0,45,0,45,0,45,0,45,0,45,0,45,0,45,0,45,0,45,0,45,0,45,0,45,0,45,0,45,0,45,0,45,0,45,0,45,0,45,0,45,0,45,0,45,0,45,0,45,0,45,0,45,0,45,0,45,0,45,0,45,31,45,0,45,0,45,0,45,0,45,0,45,0,45,0,45,0,45,0,45,0,45,0,45,0,45,0,45,0,45,0,45,0,45,0,45,0,45,0,45,0,45,0,45,0,45,0,45,0,45,0,45,0,45,0,45,0,45,0,45,0,45,0,45,0,45,0,45,0,45,0,45,0,45,0,45,0,45,0,45,0,45,0,45,0,45,0,45,0,45,0,45,0,45,0,45,0,45,0,45,0,45,0,45,0,45,0,45,0,45,0,45,0,45,0,45,0,45,0,45,0,45,0,45,0,45,0,45,0,45,0,45,0,45,0,45,0,45,0,45,0,45,0,45,0,45,0,45,0,45,0,45,0,45,0,45,0,45,0,45,0,45,0,45,0,45,0,45,0,45,0,45,0,45,0,45,0,45,0,45,0,45,0,45,0,45,0,45,0,45,0,45,0,45,0,45,0,45,0,45,0,45,0,45,0,45,0,45,0,45,0,45,0,45,0,45,0,45,0,45,0,45,0,45,0,45,0,45,0,45,0,45,0,45,0,45,0,45,0,45,0,45,0,45,0,45,0,45,0,45,0,45,0,45,0,45,0,45,0,45,0,45,0,45,0,45,0,45,0,45,0,45,0,45,0,45,0,45,0,45,0,45,0,45,0,45,0,45,0,45,0,45,0,45,0,45,0,45,0,45,0,45,0,45,0,45,0,45,0,45,0,45,0,45,0,45,0,45,0,45,0,45,0,45,0,45,0,45,0,45,0,45,0,45,0,45,0,45,0,45,0,45,0,45,0,45,0,45,0,45,0,45,0,45,0,45,0,45,0,45,0,45,0,45,0,45,0,45,0,45,0,45,0,45,0,45,0,45,0,45,0,45,0,45,0,45,0,45,0,45,0,45,0,45,0
,,46,0,46,0,46,0,46,0,46,0,46,0,46,0,46,0,46,0,46,0,46,0,46,0,46,0,46,0,46,0,46,0,46,0,46,0,46,0,46,0,46,0,46,0,46,0,46,0,46,0,46,0,46,0,46,0,46,0,46,0,46,0,46,0,46,0,46,0,46,0,46,0,46,0,46,0,46,0,46,0,46,0,46,0,46,0,46,0,46,0,46,0,46,0,46,0,46,0,46,0,46,0,46,0,46,0,46,0,46,0,46,0,46,0,46,0,46,0,46,0,46,0,46,0,46,0,46,0,46,0,46,0,46,0,46,0,46,0,46,0,46,0,46,0,46,0,46,0,46,0,46,0,46,0,46,0,46,0,46,0,46,0,46,0,46,0,46,0,46,0,46,0,46,0,46,0,46,0,46,0,46,0,46,0,46,0,46,0,46,0,46,0,46,0,46,0,46,0,46,0,46,0,46,0,46,0,46,0,46,0,46,0,46,0,46,0,46,0,46,0,46,0,46,0,46,0,46,0,46,0,46,0,46,0,46,0,46,0,46,0,46,0,46,0,46,0,46,0,46,0,46,0,46,0,46,0,46,0,46,0,46,0,46,0,46,0,46,0,46,0,46,0,46,0,46,0,46,0,46,0,46,0,46,0,46,0,46,0,46,0,46,0,46,0,46,0,46,0,46,0,46,0,46,0,46,0,46,0,46,0,46,0,46,0,46,0,46,0,46,0,46,0,46,0,46,0,46,0,46,0,46,0,46,0,46,0,46,0,46,0,46,0,46,0,46,0,46,0,46,0,46,0,46,0,46,0,46,0,46,0,46,0,46,0,46,0,46,0,46,0,46,0,46,0,46,0,46,0,46,0,46,0,46,0,46,0,46,0,46,0,46,0,46,0,46,0,46,0,46,0,46,0,46,0,46,0,46,0,46,0,46,0,46,0,46,0,46,0,46,0,46,0,46,0,46,0,46,0,46,0,46,0,46,0,46,0,46,0,46,0,46,0,46,0,46,0,46,0,46,0,46,0,46,0,46,0,46,0,46,0,46,0,46,0,46,0,46,0,46,0,46,0,46,0,46,0,46,0,46,0,46,0,46,0,46,0,46,0,46,0,46,0,46,0,46,0,46,0,46,0,46,0,46,0,46,0,46,0,46,0,46,0,46,0,46,0,46,0,46,0,46,0,46,0
,,47,0,47,0,47,0,47,0,47,0,47,0,47,0,47,0,47,0,47,0,47,0,47,0,47,0,47,0,47,0,47,0,47,0,47,0,47,0,47,0,47,0,47,0,47,0,47,0,47,0,47,0,47,0,47,0,47,0,47,0,47,0,47,0,47,0,47,0,47,0,47,0,47,0,47,0,47,0,47,0,47,0,47,0,47,0,47,0,47,0,47,0,47,0,47,0,47,0,47,0,47,0,47,0,47,0,47,0,47,0,47,0,47,0,47,0,47,0,47,0,47,0,47,0,47,0,47,0,47,0,47,0,47,0,47,0,47,0,47,0,47,0,47,0,47,0,47,0,47,0,47,0,47,0,47,0,47,0,47,0,47,0,47,0,47,0,47,0,47,0,47,0,47,0,47,0,47,0,47,0,47,0,47,0,47,0,47,0,47,0,47,0,47,0,47,0,47,0,47,0,47,0,47,0,47,0,47,0,47,0,47,0,47,0,47,0,47,0,47,0,47,0,47,0,47,0,47,0,47,0,47,0,47,0,47,0,47,0,47,0,47,0,47,0,47,0,47,0,47,0,47,0,47,0,47,0,47,0,47,0,47,0,47,0,47,0,47,0,47,0,47,0,47,0,47,0,47,0,47,0,47,0,47,0,47,0,47,0,47,0,47,0,47,0,47,0,47,0,47,0,47,0,47,0,47,0,47,0,47,0,47,0,47,0,47,0,47,0,47,0,47,0,47,0,47,0,47,0,47,0,47,0,47,0,47,0,47,0,47,0,47,0,47,0,47,0,47,0,47,0,47,0,47,0,47,0,47,0,47,0,47,0,47,0,47,0,47,0,47,0,47,0,47,0,47,0,47,0,47,0,47,0,47,0,47,0,47,0,47,0,47,0,47,0,47,0,47,0,47,0,47,0,47,0,47,0,47,0,47,0,47,0,47,0,47,0,47,0,47,0,47,0,47,0,47,0,47,0,47,0,47,0,47,0,47,0,47,0,47,0,47,0,47,0,47,0,47,0,47,0,47,0,47,0,47,0,47,0,47,0,47,0,47,0,47,0,47,0,47,0,47,0,47,0,47,0,47,0,47,0,47,0,47,0,47,0,47,0,47,0,47,0,47,0,47,0,47,0,47,0,47,0,47,0,47,0,47,0,47,0,47,0,47,0,47,0,47,0,47,0,47,0,47,0
,,48,0,48,0,48,0,48,0,48,0,48,0,48,0,48,0,48,0,48,0,48,0,48,0,48,0,48,0,48,0,48,0,48,0,48,0,48,0,48,0,48,0,48,0,48,0,48,0,48,0,48,0,48,0,48,0,48,0,48,0,48,0,48,0,48,0,48,0,48,0,48,0,48,0,48,0,48,0,48,0,48,0,48,0,48,0,48,0,48,0,48,0,48,0,48,0,48,0,48,0,48,0,48,0,48,0,48,0,48,0,48,0,48,0,48,0,48,0,48,0,48,0,48,0,48,0,48,0,48,0,48,0,48,0,48,0,48,0,48,0,48,0,48,0,48,0,48,0,48,0,48,0,48,0,48,0,48,0,48,0,48,0,48,0,48,0,48,0,48,0,48,0,48,0,48,0,48,0,48,0,48,0,48,0,48,0,48,0,48,0,48,0,48,0,48,0,48,0,48,0,48,0,48,0,48,0,48,0,48,0,48,0,48,0,48,0,48,0,48,0,48,0,48,0,48,0,48,0,48,0,48,0,48,0,48,0,48,0,48,0,48,0,48,0,48,0,48,0,48,0,48,0,48,0,48,0,48,0,48,0,48,0,48,0,48,0,48,0,48,0,48,0,48,0,48,0,48,0,48,0,48,0,48,0,48,0,48,0,48,0,48,0,48,0,48,0,48,0,48,0,48,0,48,0,48,0,48,0,48,0,48,0,48,0,48,0,48,0,48,0,48,0,48,0,48,0,48,0,48,0,48,0,48,0,48,0,48,0,48,0,48,0,48,0,48,0,48,0,48,0,48,0,48,0,48,0,48,0,48,0,48,0,48,0,48,0,48,0,48,0,48,0,48,0,48,0,48,0,48,0,48,0,48,0,48,0,48,0,48,0,48,0,48,0,48,0,48,0,48,0,48,0,48,0,48,0,48,0,48,0,48,0,48,0,48,0,48,0,48,0,48,0,48,0,48,0,48,0,48,0,48,0,48,0,48,0,48,0,48,0,48,0,48,0,48,0,48,0,48,0,48,0,48,0,48,0,48,0,48,0,48,0,48,0,48,0,48,0,48,0,48,0,48,0,48,0,48,0,48,0,48,0,48,0,48,0,48,0,48,0,48,0,48,0,48,0,48,0,48,0,48,0,48,0,48,0,48,0,48,0,48,0,48,0,48,0,48,0,48,0,48,0,48,0
,,49,0,49,0,49,0,49,0,49,0,49,0,49,0,49,0,49,0,49,0,49,0,49,0,49,0,49,0,49,0,49,0,49,0,49,0,49,0,49,0,49,0,49,0,49,0,49,0,49,0,49,0,49,0,49,0,49,0,49,0,49,0,49,0,49,0,49,0,49,0,49,0,49,0,49,0,49,0,49,0,49,0,49,0,49,0,49,0,49,0,49,0,49,0,49,0,49,0,49,0,49,0,49,0,49,0,49,0,49,0,49,0,49,0,49,0,49,0,49,0,49,0,49,0,49,0,49,0,49,0,49,0,49,0,49,0,49,0,49,0,49,0,49,0,49,0,49,0,49,0,49,0,49,0,49,0,49,0,49,0,49,0,49,0,49,0,49,0,49,0,49,0,49,0,49,0,49,0,49,0,49,0,49,0,49,0,49,0,49,0,49,0,49,0,49,0,49,0,49,0,49,0,49,0,49,0,49,0,49,0,49,0,49,0,49,0,49,0,49,0,49,0,49,0,49,0,49,0,49,0,49,0,49,0,49,0,49,0,49,0,49,0,49,0,49,0,49,0,49,0,49,0,49,0,49,0,49,0,49,0,49,0,49,0,49,0,49,0,49,0,49,0,49,0,49,0,49,0,49,0,49,0,49,0,49,0,49,0,49,0,49,0,49,0,49,0,49,0,49,0,49,0,49,0,49,0,49,0,49,0,49,0,49,0,49,0,49,0,49,0,49,0,49,0,49,0,49,0,49,0,49,0,49,0,49,0,49,0,49,0,49,0,49,0,49,0,49,0,49,0,49,0,49,0,49,0,49,0,49,0,49,0,49,0,49,0,49,0,49,0,49,0,49,0,49,0,49,0,49,0,49,0,49,0,49,0,49,0,49,0,49,0,49,0,49,0,49,0,49,0,49,0,49,0,49,0,49,0,49,0,49,0,49,0,49,0,49,0,49,0,49,0,49,0,49,0,49,0,49,0,49,0,49,0,49,0,49,0,49,0,49,0,49,0,49,0,49,0,49,0,49,0,49,0,49,0,49,0,49,0,49,0,49,0,49,0,49,0,49,0,49,0,49,0,49,0,49,0,49,0,49,0,49,0,49,0,49,0,49,0,49,0,49,0,49,0,49,0,49,0,49,0,49,0,49,0,49,0,49,0,49,0,49,0,49,0,49,0,49,0,49,0,49,0
,,50,0,50,0,50,0,50,0,50,0,50,0,50,0,50,0,50,0,50,0,50,0,50,0,50,0,50,0,50,0,50,0,50,0,50,0,50,0,50,0,50,0,50,0,50,0,50,0,50,0,50,0,50,0,50,0,50,0,50,0,50,0,50,0,50,0,50,0,50,0,50,0,50,0,50,0,50,0,50,0,50,0,50,0,50,0,50,0,50,0,50,0,50,0,50,0,50,0,50,0,50,0,50,0,50,0,50,0,50,0,50,0,50,0,50,0,50,0,50,0,50,0,50,0,50,0,50,0,50,0,50,0,50,0,50,0,50,0,50,0,50,0,50,0,50,0,50,0,50,0,50,0,50,0,50,0,50,0,50,0,50,0,50,0,50,0,50,0,50,0,50,0,50,0,50,0,50,0,50,0,50,0,50,0,50,0,50,0,50,0,50,0,50,0,50,0,50,0,50,0,50,0,50,0,50,0,50,0,50,0,50,0,50,0,50,0,50,0,50,0,50,0,50,0,50,0,50,0,50,0,50,0,50,0,50,0,50,0,50,0,50,0,50,0,50,0,50,0,50,0,50,0,50,0,50,0,50,0,50,0,50,0,50,0,50,0,50,0,50,0,50,0,50,0,50,0,50,0,50,0,50,0,50,0,50,0,50,0,50,0,50,0,50,0,50,0,50,0,50,0,50,0,50,0,50,0,50,0,50,0,50,0,50,0,50,0,50,0,50,0,50,0,50,0,50,0,50,0,50,0,50,0,50,0,50,0,50,0,50,0,50,0,50,0,50,0,50,0,50,0,50,0,50,0,50,0,50,0,50,0,50,0,50,0,50,0,50,0,50,0,50,0,50,0,50,0,50,0,50,0,50,0,50,0,50,0,50,0,50,0,50,0,50,0,50,0,50,0,50,0,50,0,50,0,50,0,50,0,50,0,50,0,50,0,50,0,50,0,50,0,50,0,50,0,50,0,50,0,50,0,50,0,50,0,50,0,50,0,50,0,50,0,50,0,50,0,50,0,50,0,50,0,50,0,50,0,50,0,50,0,50,0,50,0,50,0,50,0,50,0,50,0,50,0,50,0,50,0,50,0,50,0,50,0,50,0,50,0,50,0,50,0,50,0,50,0,50,0,50,0,50,0,50,0,50,0,50,0,50,0,50,0,50,0,50,0,50,0,50,0,50,0,50,0
,,51,0,51,0,51,0,51,0,51,0,51,0,51,0,51,0,51,0,51,0,51,0,51,0,51,0,51,0,51,0,51,0,51,0,51,0,51,0,51,0,51,0,51,0,51,0,51,0,51,0,51,0,51,0,51,0,51,0,51,0,51,0,51,0,51,0,51,0,51,0,51,0,51,0,51,0,51,0,51,0,51,0,51,0,51,0,51,0,51,0,51,0,51,0,51,0,51,0,51,0,51,0,51,0,51,0,51,0,51,0,51,0,51,0,51,0,51,0,51,0,51,0,51,0,51,0,51,0,51,0,51,0,51,0,51,0,51,0,51,0,51,0,51,0,51,0,51,0,51,0,51,0,51,0,51,0,51,0,51,0,51,0,51,0,51,0,51,0,51,0,51,0,51,0,51,0,51,0,51,0,51,0,51,0,51,0,51,0,51,0,51,0,51,0,51,0,51,0,51,0,51,0,51,0,51,0,51,0,51,0,51,0,51,0,51,0,51,0,51,0,51,0,51,0,51,0,51,0,51,0,51,0,51,0,51,0,51,0,51,0,51,0,51,0,51,0,51,0,51,0,51,0,51,0,51,0,51,0,51,0,51,0,51,0,51,0,51,0,51,0,51,0,51,0,51,0,51,0,51,0,51,0,51,0,51,0,51,0,51,0,51,0,51,0,51,0,51,0,51,0,51,0,51,0,51,0,51,0,51,0,51,0,51,0,51,0,51,0,51,0,51,0,51,0,51,0,51,0,51,0,51,0,51,0,51,0,51,0,51,0,51,0,51,0,51,0,51,0,51,0,51,0,51,0,51,0,51,0,51,0,51,0,51,0,51,0,51,0,51,0,51,0,51,0,51,0,51,0,51,0,51,0,51,0,51,0,51,0,51,0,51,0,51,0,51,0,51,0,51,0,51,0,51,0,51,0,51,0,51,0,51,0,51,0,51,0,51,0,51,0,51,0,51,0,51,0,51,0,51,0,51,0,51,0,51,0,51,0,51,0,51,0,51,0,51,0,51,0,51,0,51,0,51,0,51,0,51,0,51,0,51,0,51,0,51,0,51,0,51,0,51,0,51,0,51,0,51,0,51,0,51,0,51,0,51,0,51,0,51,0,51,0,51,0,51,0,51,0,51,0,51,0,51,0,51,0,51,0,51,0,51,0,51,0,51,0,51,0,51,0,51,0,51,0
,,52,0,52,0,52,0,52,0,52,0,52,0,52,0,52,0,52,0,52,0,52,0,52,0,52,0,52,0,52,0,52,0,52,0,52,0,52,0,52,0,52,0,52,0,52,0,52,0,52,0,52,0,52,0,52,0,52,0,52,0,52,0,52,0,52,0,52,0,52,0,52,0,52,0,52,0,52,0,52,0,52,0,52,0,52,0,52,0,52,0,52,0,52,0,52,0,52,0,52,0,52,0,52,0,52,0,52,0,52,0,52,0,52,0,52,0,52,0,52,0,52,0,52,0,52,0,52,0,52,0,52,0,52,0,52,0,52,0,52,0,52,0,52,0,52,0,52,0,52,0,52,0,52,0,52,0,52,0,52,0,52,0,52,0,52,0,52,0,52,0,52,0,52,0,52,0,52,0,52,0,52,0,52,0,52,0,52,0,52,0,52,0,52,0,52,0,52,0,52,0,52,0,52,0,52,0,52,0,52,0,52,0,52,0,52,0,52,0,52,0,52,0,52,0,52,0,52,0,52,0,52,0,52,0,52,0,52,0,52,0,52,0,52,0,52,0,52,0,52,0,52,0,52,0,52,0,52,0,52,0,52,0,52,0,52,0,52,0,52,0,52,0,52,0,52,0,52,0,52,0,52,0,52,0,52,0,52,0,52,0,52,0,52,0,52,0,52,0,52,0,52,0,52,0,52,0,52,0,52,0,52,0,52,0,52,0,52,0,52,0,52,0,52,0,52,0,52,0,52,0,52,0,52,0,52,0,52,0,52,0,52,0,52,0,52,0,52,0,52,0,52,0,52,0,52,0,52,0,52,0,52,0,52,0,52,0,52,0,52,0,52,0,52,0,52,0,52,0,52,0,52,0,52,0,52,0,52,0,52,0,52,0,52,0,52,0,52,0,52,0,52,0,52,0,52,0,52,0,52,0,52,0,52,0,52,0,52,0,52,0,52,0,52,0,52,0,52,0,52,0,52,0,52,0,52,0,52,0,52,0,52,0,52,0,52,0,52,0,52,0,52,0,52,0,52,0,52,0,52,0,52,0,52,0,52,0,52,0,52,0,52,0,52,0,52,0,52,0,52,0,52,0,52,0,52,0,52,0,52,0,52,0,52,0,52,0,52,0,52,0,52,0,52,0,52,0,52,0,52,0,52,0,52,0,52,0,52,0,52,0,52,0,52,0
,,53,0,53,0,53,0,53,0,53,0,53,0,53,0,53,0,53,0,53,0,53,0,53,0,53,0,53,0,53,0,53,0,53,0,53,0,53,0,53,0,53,0,53,0,53,0,53,0,53,0,53,0,53,0,53,0,53,0,53,0,53,0,53,0,53,0,53,0,53,0,53,0,53,0,53,0,53,0,53,0,53,0,53,0,53,0,53,0,53,0,53,0,53,0,53,0,53,0,53,0,53,0,53,0,53,0,53,0,53,0,53,0,53,0,53,0,53,0,53,0,53,0,53,0,53,0,53,0,53,0,53,0,53,0,53,0,53,0,53,0,53,0,53,0,53,0,53,0,53,0,53,0,53,0,53,0,53,0,53,0,53,0,53,0,53,0,53,0,53,0,53,0,53,0,53,0,53,0,53,0,53,0,53,0,53,0,53,0,53,0,53,0,53,0,53,0,53,0,53,0,53,0,53,0,53,0,53,0,53,0,53,0,53,0,53,0,53,0,53,0,53,0,53,0,53,0,53,0,53,0,53,0,53,0,53,0,53,0,53,0,53,0,53,0,53,0,53,0,53,0,53,0,53,0,53,0,53,0,53,0,53,0,53,0,53,0,53,0,53,0,53,0,53,0,53,0,53,0,53,0,53,0,53,0,53,0,53,0,53,0,53,0,53,0,53,0,53,0,53,0,53,0,53,0,53,0,53,0,53,0,53,0,53,0,53,0,53,0,53,0,53,0,53,0,53,0,53,0,53,0,53,0,53,0,53,0,53,0,53,0,53,0,53,0,53,0,53,0,53,0,53,0,53,0,53,0,53,0,53,0,53,0,53,0,53,0,53,0,53,0,53,0,53,0,53,0,53,0,53,0,53,0,53,0,53,0,53,0,53,0,53,0,53,0,53,0,53,0,53,0,53,0,53,0,53,0,53,0,53,0,53,0,53,0,53,0,53,0,53,0,53,0,53,0,53,0,53,0,53,0,53,0,53,0,53,0,53,0,53,0,53,0,53,0,53,0,53,0,53,0,53,0,53,0,53,0,53,0,53,0,53,0,53,0,53,0,53,0,53,0,53,0,53,0,53,0,53,0,53,0,53,0,53,0,53,0,53,0,53,0,53,0,53,0,53,0,53,0,53,0,53,0,53,0,53,0,53,0,53,0,53,0,53,0,53,0,53,0,53,0,53,0,53,0
,,54,0,54,0,54,0,54,0,54,0,54,0,54,0,54,0,54,0,54,0,54,0,54,0,54,0,54,0,54,0,54,0,54,0,54,0,54,0,54,0,54,0,54,0,54,0,54,0,54,0,54,0,54,0,54,0,54,0,54,0,54,0,54,0,54,0,54,0,54,0,54,0,54,0,54,0,54,0,54,0,54,0,54,0,54,0,54,0,54,0,54,0,54,0,54,0,54,0,54,0,54,0,54,0,54,0,54,0,54,0,54,0,54,0,54,0,54,0,54,0,54,0,54,0,54,0,54,0,54,0,54,0,54,0,54,0,54,0,54,0,54,0,54,0,54,0,54,0,54,0,54,0,54,0,54,0,54,0,54,0,54,0,54,0,54,0,54,0,54,0,54,0,54,0,54,0,54,0,54,0,54,0,54,0,54,0,54,0,54,0,54,0,54,0,54,0,54,0,54,0,54,0,54,0,54,0,54,0,54,0,54,0,54,0,54,0,54,0,54,0,54,0,54,0,54,0,54,0,54,0,54,0,54,0,54,0,54,0,54,0,54,0,54,0,54,0,54,0,54,0,54,0,54,0,54,0,54,0,54,0,54,0,54,0,54,0,54,0,54,0,54,0,54,0,54,0,54,0,54,0,54,0,54,0,54,0,54,0,54,0,54,0,54,0,54,0,54,0,54,0,54,0,54,0,54,0,54,0,54,0,54,0,54,0,54,0,54,0,54,0,54,0,54,0,54,0,54,0,54,0,54,0,54,0,54,0,54,0,54,0,54,0,54,0,54,0,54,0,54,0,54,0,54,0,54,0,54,0,54,0,54,0,54,0,54,0,54,0,54,0,54,0,54,0,54,0,54,0,54,0,54,0,54,0,54,0,54,0,54,0,54,0,54,0,54,0,54,0,54,0,54,0,54,0,54,0,54,0,54,0,54,0,54,0,54,0,54,0,54,0,54,0,54,0,54,0,54,0,54,0,54,0,54,0,54,0,54,0,54,0,54,0,54,0,54,0,54,0,54,0,54,0,54,0,54,0,54,0,54,0,54,0,54,0,54,0,54,0,54,0,54,0,54,0,54,0,54,0,54,0,54,0,54,0,54,0,54,0,54,0,54,0,54,0,54,0,54,0,54,0,54,0,54,0,54,0,54,0,54,0,54,0,54,0,54,0,54,0,54,0,54,0,54,0
,,55,0,55,0,55,0,55,0,55,0,55,0,55,0,55,0,55,0,55,0,55,0,55,0,55,0,55,0,55,0,55,0,55,0,55,0,55,0,55,0,55,0,55,0,55,0,55,0,55,0,55,0,55,0,55,0,55,0,55,0,55,0,55,0,55,0,55,0,55,0,55,0,55,0,55,0,55,0,55,0,55,0,55,0,55,0,55,0,55,0,55,0,55,0,55,0,55,0,55,0,55,0,55,0,55,0,55,0,55,0,55,0,55,0,55,0,55,0,55,0,55,0,55,0,55,0,55,0,55,0,55,0,55,0,55,0,55,0,55,0,55,0,55,0,55,0,55,0,55,0,55,0,55,0,55,0,55,0,55,0,55,0,55,0,55,0,55,0,55,0,55,0,55,0,55,0,55,0,55,0,55,0,55,0,55,0,55,0,55,0,55,0,55,0,55,0,55,0,55,0,55,0,55,0,55,0,55,0,55,0,55,0,55,0,55,0,55,0,55,0,55,0,55,0,55,0,55,0,55,0,55,0,55,0,55,0,55,0,55,0,55,0,55,0,55,0,55,0,55,0,55,0,55,0,55,0,55,0,55,0,55,0,55,0,55,0,55,0,55,0,55,0,55,0,55,0,55,0,55,0,55,0,55,0,55,0,55,0,55,0,55,0,55,0,55,0,55,0,55,0,55,0,55,0,55,0,55,0,55,0,55,0,55,0,55,0,55,0,55,0,55,0,55,0,55,0,55,0,55,0,55,0,55,0,55,0,55,0,55,0,55,0,55,0,55,0,55,0,55,0,55,0,55,0,55,0,55,0,55,0,55,0,55,0,55,0,55,0,55,0,55,0,55,0,55,0,55,0,55,0,55,0,55,0,55,0,55,0,55,0,55,0,55,0,55,0,55,0,55,0,55,0,55,0,55,0,55,0,55,0,55,0,55,0,55,0,55,0,55,0,55,0,55,0,55,0,55,0,55,0,55,0,55,0,55,0,55,0,55,0,55,0,55,0,55,0,55,0,55,0,55,0,55,0,55,0,55,0,55,0,55,0,55,0,55,0,55,0,55,0,55,0,55,0,55,0,55,0,55,0,55,0,55,0,55,0,55,0,55,0,55,0,55,0,55,0,55,0,55,0,55,0,55,0,55,0,55,0,55,0,55,0,55,0,55,0,55,0,55,0,55,0,55,0
,,56,0,56,0,56,0,56,0,56,0,56,0,56,0,56,0,56,0,56,0,56,0,56,0,56,0,56,0,56,0,56,0,56,0,56,0,56,0,56,0,56,0,56,0,56,0,56,0,56,0,56,0,56,0,56,0,56,0,56,0,56,0,56,0,56,0,56,0,56,0,56,0,56,0,56,0,56,0,56,0,56,0,56,0,56,0,56,0,56,0,56,0,56,0,56,0,56,0,56,0,56,0,56,0,56,0,56,0,56,0,56,0,56,0,56,0,56,0,56,0,56,0,56,0,56,0,56,0,56,0,56,0,56,0,56,0,56,0,56,0,56,0,56,0,56,0,56,0,56,0,56,0,56,0,56,0,56,0,56,0,56,0,56,0,56,0,56,0,56,0,56,0,56,0,56,0,56,0,56,0,56,0,56,0,56,0,56,0,56,0,56,0,56,0,56,0,56,0,56,0,56,0,56,0,56,0,56,0,56,0,56,0,56,0,56,0,56,0,56,0,56,0,56,0,56,0,56,0,56,0,56,0,56,0,56,0,56,0,56,0,56,0,56,0,56,0,56,0,56,0,56,0,56,0,56,0,56,0,56,0,56,0,56,0,56,0,56,0,56,0,56,0,56,0,56,0,56,0,56,0,56,0,56,0,56,0,56,0,56,0,56,0,56,0,56,0,56,0,56,0,56,0,56,0,56,0,56,0,56,0,56,0,56,0,56,0,56,0,56,0,56,0,56,0,56,0,56,0,56,0,56,0,56,0,56,0,56,0,56,0,56,0,56,0,56,0,56,0,56,0,56,0,56,0,56,0,56,0,56,0,56,0,56,0,56,0,56,0,56,0,56,0,56,0,56,0,56,0,56,0,56,0,56,0,56,0,56,0,56,0,56,0,56,0,56,0,56,0,56,0,56,0,56,0,56,0,56,0,56,0,56,0,56,0,56,0,56,0,56,0,56,0,56,0,56,0,56,0,56,0,56,0,56,0,56,0,56,0,56,0,56,0,56,0,56,0,56,0,56,0,56,0,56,0,56,0,56,0,56,0,56,0,56,0,56,0,56,0,56,0,56,0,56,0,56,0,56,0,56,0,56,0,56,0,56,0,56,0,56,0,56,0,56,0,56,0,56,0,56,0,56,0,56,0,56,0,56,0,56,0,56,0,56,0,56,0,56,0,56,0,56,0,56,0
